Player,Club,Competition,Age,Position,Minutes Played,Apps,Goals,Assists,xG,xA,Shots,Shots On Target,Key Passes,Pass Accuracy,Progressive Passes,Progressive Carries,Dribbles Completed,Accurate Crosses,Touches In Box,Aerial Duels Won,Aerials Won %,Duels Won %,Tackles Won,Interceptions,Recoveries,Clearances,Blocks,Fouls,Yellow Cards,Red Cards,Saves,Goals Conceded,Clean Sheets,High Claims,Market Value
Corce Elice,Belos FC,Eredivisie,17,GK,2023,32,0,0,,,,,10.0,80.9,228.0,21.0,66.0,24.0,69.0,89.0,61.0,45.0,56.0,68.0,194.0,41.0,14.0,39.0,3,0,86.0,26.0,5.0,23.0,27283372
Silmir Golzar,Belos FC,Eredivisie,23,GK,1690,24,0,0,,,,,13.0,83.0,73.0,39.0,38.0,21.0,64.0,11.0,68.5,54.2,17.0,43.0,71.0,39.0,9.0,37.0,8,0,77.0,18.0,4.0,17.0,3573482
Kalgio Jorvic,Belos FC,Eredivisie,27,CB,589,7,0,0,0.22,0.55,3.0,1.0,9.0,74.9,26.0,31.0,16.0,7.0,29.0,9.0,53.6,43.1,10.0,9.0,68.0,14.0,5.0,7.0,4,0,,,,,7837365
Jorfal Elirin,Belos FC,Eredivisie,31,RB,973,13,0,0,0.42,1.82,7.0,2.0,7.0,66.5,22.0,48.0,24.0,8.0,9.0,39.0,67.9,60.4,10.0,29.0,67.0,38.0,4.0,22.0,3,0,,,,,3893819
Nevez Silez,Belos FC,Eredivisie,20,CM,1092,13,1,0,0.52,1.62,5.0,1.0,22.0,65.8,22.0,40.0,34.0,3.0,3.0,35.0,54.0,61.1,24.0,19.0,59.0,42.0,8.0,16.0,9,0,,,,,16475550
Arnen Ostic,Belos FC,Eredivisie,25,CM,401,6,0,0,0.57,0.87,4.0,1.0,1.0,87.9,34.0,14.0,10.0,2.0,2.0,15.0,48.9,41.2,8.0,7.0,15.0,18.0,5.0,8.0,7,0,,,,,1466242
Farhus Armir,Belos FC,Eredivisie,19,ST,1544,19,4,3,4.9,3.08,71.0,28.0,20.0,87.8,35.0,88.0,26.0,11.0,35.0,34.0,33.9,45.0,26.0,39.0,110.0,29.0,19.0,32.0,2,0,,,,,3396694
Silzar Cornen,Belos FC,Eredivisie,24,CB,2217,33,0,1,2.03,3.61,40.0,12.0,61.0,76.1,196.0,133.0,7.0,22.0,107.0,55.0,65.3,61.4,32.0,48.0,252.0,30.0,25.0,38.0,9,0,,,,,5677593
Eliez Farpel,Belos FC,Eredivisie,30,ST,2621,33,1,0,2.05,1.14,39.0,20.0,26.0,85.8,81.0,29.0,26.0,31.0,127.0,115.0,60.1,53.5,12.0,31.0,220.0,50.0,20.0,34.0,4,0,,,,,1172988
Cornen Quirin,Belos FC,Eredivisie,26,RB,1739,19,0,0,2.12,1.13,5.0,1.0,14.0,87.1,88.0,43.0,12.0,7.0,9.0,40.0,33.5,42.1,33.0,17.0,121.0,50.0,4.0,37.0,3,0,,,,,2450087
Kaldin Mordin,Belos FC,Eredivisie,30,ST,2804,38,5,4,6.64,2.44,43.0,12.0,38.0,90.7,204.0,31.0,49.0,4.0,115.0,57.0,64.1,53.9,59.0,28.0,186.0,83.0,7.0,55.0,4,0,,,,,7392974
Rosrin Ivafal,Belos FC,Eredivisie,28,CB,1256,15,0,1,2.47,1.54,21.0,7.0,11.0,76.4,30.0,31.0,19.0,16.0,82.0,13.0,45.1,49.3,25.0,14.0,51.0,10.0,5.0,26.0,1,0,,,,,1190848
Torsen Elisen,Belos FC,Eredivisie,24,AM,1278,22,6,5,7.75,5.08,42.0,11.0,20.0,82.0,86.0,28.0,35.0,11.0,54.0,41.0,66.9,53.4,29.0,33.0,95.0,22.0,16.0,25.0,0,0,,,,,18889134
Farba Golnen,Belos FC,Eredivisie,24,CB,1369,15,0,0,2.16,2.42,13.0,5.0,24.0,69.5,106.0,27.0,28.0,8.0,63.0,36.0,51.3,62.2,9.0,25.0,90.0,49.0,4.0,18.0,8,0,,,,,4964520
Mornen Ostpel,Belos FC,Eredivisie,27,CM,1926,22,1,0,1.68,3.04,27.0,7.0,37.0,87.3,92.0,23.0,22.0,12.0,123.0,47.0,38.8,64.0,37.0,38.0,151.0,68.0,3.0,34.0,3,0,,,,,7106648
Kalic Ivace,Belos FC,Eredivisie,27,RB,1546,18,0,1,0.68,2.23,24.0,9.0,16.0,72.5,44.0,17.0,29.0,17.0,56.0,21.0,51.0,48.2,26.0,34.0,70.0,24.0,15.0,28.0,3,0,,,,,2927210
Quifal Silhus,Belos FC,Eredivisie,30,DM,1880,31,1,0,2.64,4.49,34.0,9.0,8.0,80.7,115.0,24.0,17.0,26.0,46.0,26.0,54.6,64.5,21.0,32.0,177.0,61.0,23.0,35.0,1,0,,,,,2594781
Ivadin Elilan,Belos FC,Eredivisie,21,CB,2900,42,0,0,0.44,5.29,30.0,13.0,12.0,88.5,64.0,58.0,49.0,47.0,12.0,17.0,65.1,62.5,66.0,53.0,221.0,115.0,23.0,29.0,3,0,,,,,3153790
Nevzar Roshus,Belos FC,Eredivisie,22,AM,1311,18,1,1,1.97,1.07,27.0,7.0,4.0,78.4,55.0,57.0,32.0,10.0,64.0,22.0,49.5,59.0,20.0,29.0,91.0,53.0,3.0,16.0,1,0,,,,,5267001
Belrin Nevgio,Belos FC,Eredivisie,26,RB,1861,29,1,0,3.63,1.8,23.0,6.0,10.0,79.3,97.0,47.0,12.0,12.0,101.0,55.0,31.5,63.1,39.0,32.0,148.0,49.0,5.0,23.0,7,0,,,,,4785476
Dantov Lunhus,Belos FC,Eredivisie,27,CB,1264,22,0,0,1.97,1.44,24.0,11.0,25.0,92.7,80.0,12.0,3.0,5.0,5.0,28.0,60.5,41.4,10.0,24.0,82.0,46.0,5.0,13.0,7,0,,,,,2656480
Silfal Lunzar,Belos FC,Eredivisie,34,AM,1745,27,5,2,5.23,1.81,52.0,24.0,20.0,66.8,41.0,20.0,8.0,20.0,9.0,71.0,62.3,41.3,11.0,25.0,167.0,15.0,10.0,25.0,6,0,,,,,1539304
Jornen Danba,Golmir FC,Eredivisie,28,GK,2433,35,0,0,,,,,24.0,81.1,92.0,25.0,14.0,17.0,25.0,100.0,51.8,52.0,14.0,18.0,88.0,63.0,26.0,17.0,3,0,110.0,26.0,9.0,39.0,1075020
Jorez Jorlan,Golmir FC,Eredivisie,21,GK,1668,22,0,0,,,,,29.0,73.1,62.0,60.0,11.0,17.0,36.0,64.0,31.3,44.8,18.0,39.0,154.0,41.0,9.0,10.0,5,1,91.0,16.0,5.0,9.0,8958448
Quidin Lunnen,Golmir FC,Eredivisie,24,RB,1207,15,0,0,1.64,0.88,23.0,7.0,2.0,85.5,63.0,38.0,8.0,5.0,7.0,25.0,30.5,49.6,15.0,26.0,36.0,32.0,16.0,26.0,6,0,,,,,190086
Ardin Hentov,Golmir FC,Eredivisie,23,CM,1722,24,0,0,0.61,3.91,9.0,2.0,31.0,69.8,133.0,59.0,18.0,16.0,85.0,42.0,45.9,51.5,13.0,40.0,85.0,5.0,16.0,35.0,5,0,,,,,5789661
Prarin Rosfal,Golmir FC,Eredivisie,32,RB,1203,14,0,0,0.46,1.82,5.0,1.0,10.0,90.6,66.0,7.0,6.0,6.0,54.0,47.0,32.5,43.0,30.0,33.0,63.0,32.0,5.0,16.0,9,0,,,,,3664348
Belju Lunnen,Golmir FC,Eredivisie,24,DM,2111,36,2,1,2.47,1.72,22.0,8.0,47.0,67.8,195.0,106.0,16.0,14.0,89.0,49.0,36.1,58.0,58.0,45.0,237.0,44.0,3.0,25.0,7,0,,,,,8870434
Nevpel Tordin,Golmir FC,Eredivisie,19,ST,1636,29,1,0,1.31,0.83,46.0,21.0,3.0,66.0,65.0,38.0,24.0,10.0,25.0,57.0,30.0,51.3,25.0,17.0,103.0,57.0,18.0,15.0,6,1,,,,,467145
Arce Corez,Golmir FC,Eredivisie,27,DM,1379,16,2,2,0.23,1.62,23.0,5.0,39.0,90.1,33.0,34.0,46.0,3.0,59.0,42.0,52.5,66.3,9.0,25.0,147.0,30.0,14.0,11.0,8,1,,,,,14202546
Prapel Silzar,Golmir FC,Eredivisie,21,AM,1955,33,3,2,2.85,1.9,47.0,23.0,24.0,69.5,107.0,55.0,46.0,19.0,107.0,72.0,43.4,57.0,17.0,19.0,142.0,36.0,5.0,37.0,2,1,,,,,2648093
Elilan Torju,Golmir FC,Eredivisie,31,DM,2348,36,1,3,3.55,1.57,26.0,12.0,14.0,65.9,72.0,100.0,48.0,32.0,156.0,27.0,63.7,46.3,68.0,54.0,281.0,87.0,3.0,26.0,6,0,,,,,5456670
Prafal Elisen,Golmir FC,Eredivisie,28,RB,2436,32,0,0,1.88,3.47,24.0,11.0,15.0,88.5,110.0,99.0,33.0,26.0,122.0,28.0,66.1,39.7,27.0,39.0,158.0,36.0,28.0,32.0,3,1,,,,,449080
Ostic Rosvic,Golmir FC,Eredivisie,30,DM,1447,26,0,1,1.96,0.54,11.0,5.0,20.0,79.2,67.0,81.0,13.0,23.0,40.0,55.0,51.0,59.9,24.0,37.0,111.0,34.0,14.0,34.0,2,0,,,,,6666968
Golez Faric,Golmir FC,Eredivisie,28,LW,1158,15,6,3,5.9,2.57,17.0,6.0,27.0,84.8,103.0,14.0,39.0,17.0,65.0,48.0,62.0,66.5,30.0,19.0,103.0,22.0,10.0,19.0,2,0,,,,,5291519
Morpel Pranen,Golmir FC,Eredivisie,19,CB,766,9,0,0,1.47,1.94,9.0,2.0,8.0,76.2,68.0,40.0,18.0,10.0,24.0,28.0,64.2,53.3,24.0,11.0,58.0,12.0,6.0,9.0,8,0,,,,,11653041
Hence Torhus,Golmir FC,Eredivisie,23,LW,771,10,2,2,2.47,1.21,33.0,17.0,5.0,74.9,21.0,41.0,21.0,3.0,48.0,26.0,59.7,63.5,10.0,9.0,30.0,33.0,2.0,7.0,2,0,,,,,3248895
Quikov Lungio,Golmir FC,Eredivisie,24,AM,1480,17,3,1,4.45,2.39,23.0,8.0,31.0,73.4,116.0,53.0,22.0,7.0,43.0,33.0,41.7,50.9,27.0,26.0,64.0,58.0,17.0,11.0,4,0,,,,,1768009
Cornen Ivaez,Golmir FC,Eredivisie,29,LW,2350,31,7,6,7.75,6.82,57.0,19.0,11.0,87.6,121.0,120.0,20.0,39.0,96.0,68.0,41.2,51.3,14.0,45.0,225.0,46.0,4.0,57.0,5,0,,,,,5807946
Beltov Rossen,Golmir FC,Eredivisie,23,DM,2681,36,1,0,3.97,5.16,37.0,17.0,16.0,66.6,130.0,32.0,26.0,34.0,25.0,82.0,56.9,55.0,34.0,33.0,199.0,17.0,17.0,24.0,3,0,,,,,3267896
Silic Belce,Golmir FC,Eredivisie,22,LW,1663,28,6,2,6.96,3.01,61.0,31.0,19.0,81.7,93.0,23.0,43.0,4.0,17.0,56.0,53.7,44.3,27.0,28.0,119.0,53.0,12.0,21.0,2,0,,,,,16732416
Rosfal Farhus,Golmir FC,Eredivisie,23,LW,2185,28,11,6,14.57,6.46,102.0,36.0,57.0,86.0,177.0,37.0,12.0,12.0,36.0,58.0,41.3,46.9,65.0,70.0,235.0,79.0,22.0,39.0,1,0,,,,,18544754
Henrin Kalpel,Golmir FC,Eredivisie,28,ST,1984,34,6,2,5.98,3.93,63.0,17.0,6.0,89.9,186.0,116.0,18.0,11.0,128.0,87.0,41.7,62.6,45.0,17.0,135.0,44.0,8.0,42.0,9,0,,,,,4005431
Ivadin Farvic,Golmir FC,Eredivisie,25,ST,3003,41,3,2,3.15,1.21,57.0,26.0,56.0,80.5,110.0,105.0,80.0,13.0,185.0,113.0,59.5,44.5,61.0,60.0,277.0,93.0,34.0,68.0,4,0,,,,,2159251
Ostic Kalic,Tornen FC,Eredivisie,21,GK,853,10,0,0,,,,,13.0,94.7,114.0,30.0,20.0,13.0,9.0,4.0,50.7,47.5,26.0,32.0,59.0,37.0,8.0,10.0,8,0,18.0,13.0,5.0,8.0,20328195
Corkov Ostos,Tornen FC,Eredivisie,20,GK,876,10,0,0,,,,,5.0,68.6,50.0,24.0,17.0,6.0,35.0,37.0,30.4,40.8,14.0,7.0,88.0,23.0,9.0,21.0,7,0,45.0,8.0,2.0,3.0,5322623
Quizar Kalhus,Tornen FC,Eredivisie,28,LW,2026,28,2,1,2.87,1.3,82.0,40.0,19.0,88.3,148.0,56.0,34.0,9.0,102.0,71.0,51.4,56.1,14.0,37.0,102.0,79.0,22.0,34.0,9,0,,,,,3492410
Prarin Henzar,Tornen FC,Eredivisie,28,AM,2478,28,5,3,6.06,2.74,116.0,42.0,52.0,82.9,164.0,88.0,50.0,17.0,90.0,15.0,40.5,43.6,44.0,48.0,252.0,85.0,17.0,42.0,0,0,,,,,3952010
Torzar Lungio,Tornen FC,Eredivisie,24,CB,1634,25,0,0,0.57,3.18,18.0,4.0,28.0,69.5,128.0,66.0,11.0,24.0,73.0,6.0,50.6,58.2,10.0,28.0,121.0,13.0,16.0,8.0,9,0,,,,,818353
Praju Ivaic,Tornen FC,Eredivisie,24,RB,1942,28,1,1,2.19,2.95,5.0,1.0,35.0,78.7,106.0,59.0,50.0,16.0,65.0,83.0,70.0,50.9,35.0,51.0,151.0,69.0,3.0,32.0,9,1,,,,,1291304
Torba Quihus,Tornen FC,Eredivisie,22,RB,1377,24,0,2,1.29,3.67,22.0,5.0,32.0,75.6,177.0,17.0,38.0,3.0,91.0,11.0,41.5,52.7,13.0,24.0,209.0,21.0,3.0,28.0,6,0,,,,,13789877
Henhus Kalfal,Tornen FC,Eredivisie,23,CB,2526,31,1,0,1.34,6.53,22.0,8.0,47.0,87.6,93.0,38.0,49.0,40.0,32.0,67.0,66.1,60.7,73.0,28.0,277.0,84.0,7.0,38.0,5,0,,,,,20249380
Hensen Farvic,Tornen FC,Eredivisie,22,LW,2152,28,8,4,9.67,6.08,63.0,18.0,27.0,75.3,158.0,89.0,60.0,20.0,80.0,17.0,37.8,52.8,55.0,44.0,105.0,11.0,3.0,26.0,3,0,,,,,7754116
Kalkov Elitov,Tornen FC,Eredivisie,30,AM,1056,13,1,0,1.44,0.77,41.0,21.0,10.0,67.9,69.0,22.0,12.0,8.0,25.0,37.0,39.7,40.2,14.0,14.0,72.0,31.0,14.0,18.0,9,0,,,,,588641
Kalez Corsen,Tornen FC,Eredivisie,25,CM,1069,15,0,1,1.33,0.39,18.0,5.0,21.0,92.7,106.0,48.0,4.0,2.0,57.0,28.0,61.6,54.5,19.0,28.0,142.0,29.0,11.0,10.0,9,0,,,,,9342522
Danzar Rosdin,Tornen FC,Eredivisie,17,ST,1630,19,6,2,6.25,2.74,59.0,14.0,12.0,74.3,101.0,33.0,46.0,24.0,97.0,23.0,42.3,50.9,30.0,23.0,172.0,35.0,18.0,34.0,5,0,,,,,17300263
Farce Corhus,Tornen FC,Eredivisie,23,ST,1734,27,2,1,2.72,1.36,43.0,17.0,21.0,87.1,114.0,84.0,5.0,5.0,113.0,11.0,34.6,50.5,17.0,17.0,92.0,25.0,17.0,17.0,1,0,,,,,7475783
Pratov Moric,Tornen FC,Eredivisie,24,ST,1235,22,5,1,7.01,4.39,21.0,6.0,17.0,91.3,48.0,33.0,46.0,18.0,25.0,24.0,53.1,55.5,37.0,23.0,72.0,29.0,11.0,13.0,5,0,,,,,7203097
Morrin Silfal,Tornen FC,Eredivisie,22,RB,969,10,0,1,1.29,1.13,8.0,3.0,11.0,74.2,96.0,19.0,9.0,8.0,28.0,39.0,51.2,56.5,8.0,15.0,99.0,10.0,5.0,12.0,1,0,,,,,10136177
Quirin Rosfal,Tornen FC,Eredivisie,25,AM,1208,13,1,0,1.63,1.44,43.0,16.0,11.0,71.5,73.0,16.0,31.0,17.0,54.0,16.0,33.1,63.0,9.0,28.0,115.0,6.0,6.0,20.0,2,0,,,,,827065
Golce Golnen,Tornen FC,Eredivisie,22,LW,2658,38,7,4,7.72,4.23,127.0,54.0,24.0,65.5,211.0,100.0,55.0,39.0,22.0,92.0,65.3,43.6,15.0,48.0,123.0,49.0,22.0,45.0,4,0,,,,,10178825
Rosez Toros,Tornen FC,Eredivisie,26,AM,1132,19,9,6,7.68,3.05,33.0,15.0,29.0,80.6,120.0,57.0,4.0,2.0,41.0,33.0,55.8,55.7,27.0,11.0,99.0,42.0,10.0,11.0,3,0,,,,,13073262
Kalmir Lunce,Tornen FC,Eredivisie,21,CB,1243,17,0,0,0.25,1.1,13.0,3.0,11.0,92.0,52.0,17.0,5.0,21.0,44.0,13.0,30.4,63.2,20.0,20.0,85.0,3.0,3.0,12.0,7,1,,,,,5625797
Ivagio Mornen,Tornen FC,Eredivisie,24,AM,2584,30,4,3,4.57,1.21,112.0,41.0,8.0,94.3,126.0,103.0,46.0,17.0,161.0,42.0,51.9,54.4,36.0,62.0,112.0,110.0,34.0,59.0,8,0,,,,,5809577
Nevpel Henvic,Tornen FC,Eredivisie,23,ST,2423,39,11,6,9.39,6.58,31.0,10.0,25.0,83.2,82.0,137.0,86.0,7.0,155.0,30.0,59.4,63.1,20.0,67.0,301.0,48.0,29.0,50.0,7,0,,,,,14166838
Elidin Corhus,Tornen FC,Eredivisie,26,AM,2389,34,6,3,6.07,2.89,82.0,38.0,72.0,80.5,304.0,37.0,78.0,13.0,102.0,40.0,69.6,47.2,37.0,101.0,379.0,84.0,3.0,45.0,8,0,,,,,20694049
Quimir Ostce,Rossen FC,Eredivisie,24,GK,1129,19,0,0,,,,,11.0,92.0,38.0,86.0,17.0,13.0,52.0,4.0,57.9,62.5,19.0,31.0,91.0,8.0,6.0,18.0,3,0,42.0,18.0,2.0,16.0,17397927
Jorkov Pratov,Rossen FC,Eredivisie,23,GK,1416,18,0,0,,,,,7.0,85.5,85.0,54.0,34.0,14.0,25.0,42.0,30.2,43.6,17.0,26.0,89.0,11.0,15.0,30.0,8,0,38.0,35.0,5.0,11.0,3187235
Rosez Tortov,Rossen FC,Eredivisie,28,CB,1695,27,0,3,2.05,1.42,22.0,5.0,9.0,69.6,122.0,51.0,64.0,4.0,62.0,29.0,57.4,55.8,48.0,25.0,152.0,7.0,18.0,26.0,5,0,,,,,15941161
Quice Ostsen,Rossen FC,Eredivisie,24,CB,2020,31,0,1,3.29,5.01,31.0,6.0,14.0,71.3,162.0,37.0,11.0,29.0,100.0,73.0,64.8,51.9,14.0,27.0,167.0,81.0,14.0,27.0,3,0,,,,,8952587
Lunce Henju,Rossen FC,Eredivisie,26,CB,1751,23,1,0,2.02,3.29,32.0,13.0,44.0,85.7,134.0,84.0,6.0,15.0,22.0,73.0,64.1,43.3,28.0,41.0,178.0,28.0,17.0,19.0,4,0,,,,,10418266
Kalgio Ostkov,Rossen FC,Eredivisie,23,CM,1795,23,0,0,0.67,1.48,24.0,8.0,13.0,76.7,125.0,40.0,31.0,9.0,45.0,74.0,36.3,55.3,37.0,11.0,147.0,53.0,21.0,35.0,8,0,,,,,2421914
Lunfal Coros,Rossen FC,Eredivisie,26,DM,1156,14,0,1,1.43,3.15,18.0,4.0,38.0,75.2,114.0,45.0,26.0,15.0,51.0,4.0,67.4,67.1,29.0,18.0,126.0,11.0,14.0,10.0,6,0,,,,,14256494
Corlan Jorgio,Rossen FC,Eredivisie,28,CB,1961,23,2,2,1.75,1.18,36.0,7.0,33.0,91.1,61.0,111.0,19.0,21.0,96.0,21.0,32.0,67.2,61.0,41.0,136.0,58.0,14.0,15.0,3,0,,,,,10045593
Rosez Kalfal,Rossen FC,Eredivisie,18,RB,3013,40,4,5,0.81,2.13,20.0,6.0,59.0,72.5,305.0,148.0,32.0,43.0,40.0,74.0,64.5,47.1,92.0,28.0,227.0,131.0,27.0,56.0,6,0,,,,,13315582
Ivamir Silzar,Rossen FC,Eredivisie,29,CM,1533,24,1,0,2.61,2.24,7.0,3.0,7.0,90.5,119.0,16.0,17.0,8.0,31.0,12.0,67.6,46.4,33.0,60.0,159.0,59.0,6.0,28.0,7,0,,,,,17471001
Farba Jorlan,Rossen FC,Eredivisie,31,CM,2249,35,2,2,3.44,6.12,7.0,3.0,72.0,95.1,86.0,119.0,86.0,3.0,135.0,32.0,42.0,47.8,80.0,31.0,203.0,54.0,6.0,26.0,1,1,,,,,12389707
Morrin Silba,Rossen FC,Eredivisie,17,RB,1887,21,1,0,2.06,3.96,28.0,6.0,23.0,76.2,34.0,55.0,24.0,11.0,15.0,67.0,47.7,45.7,23.0,48.0,197.0,63.0,15.0,37.0,5,1,,,,,7388772
Kalba Silzar,Rossen FC,Eredivisie,25,CB,830,10,0,0,1.17,0.42,4.0,0.0,15.0,89.8,26.0,54.0,5.0,3.0,47.0,18.0,32.6,54.1,11.0,19.0,70.0,13.0,5.0,7.0,8,0,,,,,3881558
Jorrin Ostju,Rossen FC,Eredivisie,31,AM,1459,17,2,1,2.14,1.09,65.0,25.0,18.0,90.2,76.0,43.0,25.0,5.0,55.0,23.0,62.1,56.6,31.0,41.0,172.0,17.0,12.0,9.0,0,0,,,,,8845883
Gollan Cortov,Rossen FC,Eredivisie,22,AM,2206,29,4,1,4.52,1.96,75.0,34.0,14.0,70.2,125.0,19.0,39.0,7.0,14.0,84.0,37.3,57.4,43.0,47.0,105.0,18.0,15.0,44.0,5,0,,,,,1811028
Ostez Elidin,Rossen FC,Eredivisie,29,AM,751,10,0,0,0.62,0.34,30.0,16.0,4.0,79.0,25.0,27.0,7.0,12.0,20.0,30.0,55.7,43.4,12.0,6.0,56.0,2.0,3.0,9.0,0,0,,,,,467749
Silez Ostgio,Rossen FC,Eredivisie,19,CM,173,2,0,0,0.04,0.2,3.0,1.0,1.0,91.6,5.0,2.0,5.0,0.0,10.0,4.0,41.8,59.5,3.0,4.0,13.0,2.0,1.0,1.0,0,1,,,,,7056329
Elinen Elifal,Rossen FC,Eredivisie,24,LW,2698,30,17,14,16.78,12.8,41.0,15.0,40.0,93.8,218.0,85.0,109.0,6.0,9.0,19.0,33.1,51.2,90.0,83.0,237.0,36.0,14.0,30.0,7,0,,,,,13912654
Kalnen Belhus,Rossen FC,Eredivisie,17,CB,2298,31,1,2,0.72,4.78,8.0,1.0,16.0,71.9,214.0,33.0,16.0,6.0,130.0,65.0,35.5,43.7,30.0,29.0,220.0,15.0,21.0,27.0,0,0,,,,,19718463
Jorez Arzar,Rossen FC,Eredivisie,27,RB,621,7,0,0,0.39,1.01,1.0,0.0,15.0,67.0,39.0,25.0,2.0,3.0,8.0,15.0,48.7,61.8,11.0,16.0,51.0,12.0,6.0,6.0,6,0,,,,,4215820
Corzar Elimir,Rossen FC,Eredivisie,25,AM,1647,22,3,2,3.65,1.42,64.0,28.0,27.0,93.0,38.0,43.0,35.0,22.0,94.0,16.0,65.1,65.0,25.0,54.0,189.0,10.0,15.0,37.0,2,0,,,,,6671229
Nevkov Kaltov,Rossen FC,Eredivisie,22,LW,2568,29,1,0,1.58,0.8,46.0,17.0,13.0,87.7,95.0,18.0,41.0,5.0,89.0,81.0,64.7,60.0,46.0,43.0,183.0,17.0,8.0,15.0,6,0,,,,,979119
Torba Ostzar,Ostju FC,Eredivisie,32,GK,1795,25,0,0,,,,,23.0,87.5,88.0,101.0,26.0,2.0,12.0,58.0,52.2,51.4,44.0,14.0,207.0,5.0,9.0,31.0,4,0,91.0,30.0,5.0,5.0,8097006
Dangio Prapel,Ostju FC,Eredivisie,23,GK,1993,26,0,0,,,,,35.0,86.4,120.0,89.0,46.0,4.0,7.0,47.0,63.5,52.5,44.0,33.0,92.0,80.0,14.0,43.0,4,0,110.0,41.0,6.0,9.0,7112605
Elikov Quihus,Ostju FC,Eredivisie,27,LW,1138,12,2,1,3.06,1.53,14.0,5.0,8.0,78.6,51.0,19.0,24.0,10.0,46.0,40.0,52.6,50.8,8.0,18.0,104.0,11.0,13.0,22.0,8,0,,,,,674993
Torba Ivarin,Ostju FC,Eredivisie,23,ST,1043,18,4,3,3.99,2.84,48.0,18.0,10.0,83.2,33.0,29.0,5.0,14.0,5.0,42.0,56.6,44.4,9.0,28.0,68.0,34.0,3.0,20.0,8,0,,,,,11721411
Jorgio Hennen,Ostju FC,Eredivisie,26,ST,2039,23,4,3,5.21,2.76,100.0,26.0,36.0,65.4,150.0,105.0,70.0,21.0,115.0,78.0,47.1,64.9,13.0,36.0,164.0,58.0,3.0,38.0,8,0,,,,,4997265
Corce Quirin,Ostju FC,Eredivisie,27,DM,2371,27,0,2,1.82,0.73,36.0,14.0,13.0,66.1,127.0,51.0,22.0,13.0,127.0,41.0,43.9,42.7,20.0,65.0,147.0,31.0,30.0,24.0,5,0,,,,,5300731
Arju Golgio,Ostju FC,Eredivisie,27,DM,2160,37,0,0,3.7,0.76,34.0,11.0,14.0,70.8,78.0,40.0,30.0,19.0,40.0,21.0,36.5,61.4,43.0,22.0,161.0,24.0,13.0,41.0,3,0,,,,,1667174
Belhus Ardin,Ostju FC,Eredivisie,19,AM,726,12,4,2,5.02,1.31,22.0,7.0,9.0,76.3,59.0,29.0,17.0,9.0,45.0,24.0,46.2,45.3,14.0,12.0,99.0,2.0,2.0,11.0,2,0,,,,,21675297
Argio Quidin,Ostju FC,Eredivisie,19,ST,2236,29,4,2,4.48,3.21,104.0,52.0,32.0,68.3,94.0,97.0,24.0,5.0,95.0,21.0,32.9,48.7,35.0,45.0,181.0,94.0,18.0,32.0,5,0,,,,,2026694
Jorju Farkov,Ostju FC,Eredivisie,21,AM,1330,16,6,4,6.23,3.3,36.0,9.0,8.0,71.0,111.0,33.0,32.0,11.0,23.0,43.0,36.5,50.6,22.0,50.0,92.0,48.0,7.0,11.0,6,1,,,,,16440764
Silfal Aros,Ostju FC,Eredivisie,19,LW,2025,23,2,2,3.32,2.14,93.0,35.0,18.0,70.3,123.0,96.0,57.0,3.0,57.0,68.0,51.5,57.6,29.0,13.0,107.0,14.0,23.0,21.0,8,0,,,,,9373054
Jorvic Golrin,Ostju FC,Eredivisie,23,AM,1242,17,5,2,6.32,2.83,15.0,7.0,10.0,68.9,49.0,20.0,15.0,16.0,60.0,13.0,61.8,57.5,38.0,46.0,158.0,46.0,7.0,19.0,4,0,,,,,23345926
Praba Roshus,Ostju FC,Eredivisie,24,LW,2628,29,11,7,10.74,9.05,87.0,25.0,13.0,89.1,247.0,128.0,91.0,19.0,166.0,14.0,46.0,50.6,22.0,59.0,312.0,31.0,34.0,27.0,5,0,,,,,10787909
Ivamir Kalba,Ostju FC,Eredivisie,23,CM,2063,26,0,1,4.05,1.55,21.0,9.0,39.0,76.7,59.0,37.0,42.0,27.0,41.0,60.0,58.6,62.9,47.0,61.0,161.0,77.0,8.0,25.0,8,0,,,,,6019732
Farnen Elidin,Ostju FC,Eredivisie,21,ST,1795,26,4,1,4.67,2.69,22.0,11.0,6.0,68.0,58.0,62.0,7.0,9.0,105.0,77.0,63.2,42.1,39.0,56.0,187.0,32.0,10.0,11.0,3,0,,,,,3674989
Ivarin Quivic,Ostju FC,Eredivisie,20,DM,1836,27,2,1,0.52,3.01,13.0,3.0,11.0,73.9,220.0,107.0,10.0,10.0,71.0,37.0,43.3,45.0,52.0,44.0,96.0,61.0,10.0,34.0,9,0,,,,,10225645
Pratov Cormir,Ostju FC,Eredivisie,27,AM,2251,28,7,4,7.87,5.92,72.0,29.0,43.0,79.4,53.0,78.0,7.0,27.0,121.0,86.0,45.9,60.8,18.0,37.0,228.0,31.0,22.0,31.0,7,0,,,,,3080698
Belzar Cordin,Ostju FC,Eredivisie,26,CB,775,10,0,0,1.06,0.76,14.0,3.0,10.0,68.2,11.0,9.0,2.0,9.0,35.0,16.0,66.9,53.3,4.0,9.0,54.0,33.0,8.0,8.0,9,0,,,,,78461
Lunhus Quiez,Ostju FC,Eredivisie,31,RB,3004,41,2,6,0.52,1.0,34.0,9.0,76.0,75.1,242.0,165.0,48.0,44.0,99.0,102.0,48.9,51.1,66.0,37.0,418.0,43.0,35.0,30.0,4,0,,,,,10832937
Corce Lunzar,Ostju FC,Eredivisie,22,CM,1546,21,0,0,2.76,1.75,21.0,9.0,11.0,71.1,89.0,43.0,21.0,24.0,81.0,54.0,45.3,43.3,11.0,31.0,98.0,13.0,10.0,37.0,1,0,,,,,1831751
Belju Morpel,Ostju FC,Eredivisie,20,AM,987,15,1,0,1.26,0.75,47.0,20.0,9.0,65.7,19.0,33.0,12.0,7.0,25.0,38.0,43.2,60.9,8.0,13.0,90.0,23.0,8.0,9.0,2,0,,,,,1358944
Faros Nevdin,Ostju FC,Eredivisie,22,RB,3007,47,1,1,0.88,5.24,22.0,8.0,62.0,87.0,212.0,128.0,5.0,41.0,46.0,127.0,43.4,54.3,45.0,74.0,138.0,49.0,11.0,22.0,5,0,,,,,12530349
Quice Golvic,Kallan FC,Eredivisie,35,GK,2083,28,0,0,,,,,26.0,85.7,70.0,85.0,47.0,13.0,139.0,71.0,31.3,60.6,38.0,30.0,124.0,20.0,18.0,48.0,5,0,90.0,49.0,2.0,20.0,1790413
Quitov Joros,Kallan FC,Eredivisie,27,GK,1005,12,0,0,,,,,5.0,92.2,19.0,8.0,8.0,9.0,53.0,16.0,42.3,39.0,14.0,17.0,32.0,34.0,7.0,15.0,2,0,57.0,11.0,2.0,4.0,90297
Belvic Eliez,Kallan FC,Eredivisie,23,LW,1265,14,4,2,5.31,3.56,36.0,13.0,4.0,74.0,91.0,59.0,12.0,10.0,16.0,12.0,50.7,64.9,10.0,19.0,86.0,36.0,2.0,12.0,0,0,,,,,5784665
Tormir Eliic,Kallan FC,Eredivisie,18,AM,857,13,1,0,1.31,1.17,13.0,3.0,12.0,82.8,24.0,46.0,13.0,7.0,13.0,8.0,56.7,64.9,5.0,17.0,83.0,20.0,3.0,12.0,0,1,,,,,2627746
Ostpel Arce,Kallan FC,Eredivisie,23,ST,928,15,2,1,2.64,0.83,31.0,16.0,9.0,85.4,88.0,60.0,21.0,12.0,56.0,30.0,31.4,43.9,9.0,20.0,115.0,39.0,11.0,20.0,4,0,,,,,11254397
Aros Silhus,Kallan FC,Eredivisie,30,RB,2294,38,0,3,1.68,1.77,30.0,13.0,68.0,66.5,254.0,140.0,56.0,19.0,105.0,46.0,52.0,53.7,30.0,62.0,272.0,45.0,13.0,35.0,3,0,,,,,18484185
Rosgio Quisen,Kallan FC,Eredivisie,25,ST,3090,42,3,1,3.43,2.89,34.0,8.0,51.0,79.3,146.0,164.0,19.0,30.0,89.0,87.0,43.0,46.8,19.0,28.0,316.0,108.0,12.0,62.0,5,0,,,,,3100127
Farmir Golce,Kallan FC,Eredivisie,24,AM,1927,33,14,12,14.6,12.25,46.0,25.0,24.0,76.9,215.0,29.0,30.0,24.0,52.0,38.0,40.9,66.8,30.0,58.0,124.0,24.0,23.0,23.0,6,0,,,,,7797258
Cortov Mormir,Kallan FC,Eredivisie,20,RB,2466,34,0,0,1.41,3.78,32.0,12.0,13.0,65.0,160.0,127.0,61.0,34.0,54.0,42.0,31.1,57.8,14.0,20.0,175.0,49.0,19.0,57.0,0,0,,,,,4382027
Rosrin Henfal,Kallan FC,Eredivisie,18,ST,2513,31,7,6,6.35,4.82,80.0,21.0,39.0,89.0,247.0,136.0,22.0,24.0,120.0,13.0,54.7,47.2,55.0,34.0,298.0,96.0,23.0,55.0,1,1,,,,,11674015
Danba Praju,Kallan FC,Eredivisie,25,RB,1713,23,0,0,1.45,0.96,29.0,10.0,28.0,90.6,42.0,59.0,30.0,19.0,64.0,39.0,36.2,40.7,18.0,40.0,71.0,19.0,5.0,35.0,1,0,,,,,1929772
Arhus Ostos,Kallan FC,Eredivisie,22,DM,1770,28,0,0,1.68,0.49,35.0,9.0,30.0,74.7,152.0,36.0,26.0,11.0,53.0,75.0,35.2,51.6,40.0,52.0,114.0,25.0,20.0,19.0,1,0,,,,,3062405
Jorez Ivakov,Kallan FC,Eredivisie,18,AM,1985,22,5,4,7.22,1.82,55.0,24.0,50.0,78.6,62.0,96.0,65.0,18.0,85.0,40.0,43.2,48.2,43.0,57.0,155.0,87.0,6.0,14.0,4,0,,,,,11513692
Danju Kalce,Kallan FC,Eredivisie,22,AM,1738,20,8,4,8.35,7.94,49.0,17.0,39.0,73.3,50.0,114.0,73.0,13.0,14.0,73.0,44.6,65.8,41.0,71.0,96.0,9.0,10.0,16.0,8,0,,,,,22789275
Silnen Quimir,Kallan FC,Eredivisie,21,CB,2020,25,0,0,1.2,3.75,9.0,2.0,17.0,64.0,136.0,38.0,22.0,12.0,29.0,90.0,63.6,49.3,26.0,48.0,104.0,37.0,26.0,39.0,2,0,,,,,5391092
Prazar Nevfal,Kallan FC,Eredivisie,24,AM,1691,21,5,2,6.09,4.66,48.0,18.0,18.0,90.6,170.0,106.0,28.0,7.0,96.0,50.0,40.1,62.9,14.0,40.0,159.0,18.0,5.0,24.0,5,0,,,,,7679168
Nevhus Ivasen,Kallan FC,Eredivisie,29,ST,1964,26,4,1,3.89,3.48,89.0,44.0,54.0,66.2,154.0,68.0,66.0,25.0,12.0,28.0,38.5,64.1,47.0,57.0,167.0,57.0,3.0,29.0,7,0,,,,,4810171
Coric Elilan,Kallan FC,Eredivisie,19,CB,1402,22,1,1,0.79,3.87,23.0,8.0,7.0,80.9,105.0,56.0,28.0,14.0,71.0,19.0,53.0,43.2,11.0,37.0,86.0,42.0,14.0,17.0,9,0,,,,,9159558
Golce Morce,Kallan FC,Eredivisie,22,LW,2209,25,15,11,19.11,7.98,85.0,32.0,35.0,80.0,130.0,28.0,22.0,3.0,143.0,84.0,54.3,51.3,45.0,88.0,117.0,28.0,4.0,25.0,4,0,,,,,40480682
Corfal Quiez,Kallan FC,Eredivisie,20,CB,2416,32,0,0,2.44,6.63,22.0,6.0,19.0,80.5,114.0,18.0,32.0,38.0,68.0,55.0,42.7,44.5,14.0,33.0,132.0,12.0,22.0,40.0,8,0,,,,,471930
Hentov Tordin,Kallan FC,Eredivisie,28,LW,2874,48,5,1,6.28,3.68,124.0,56.0,52.0,76.6,152.0,44.0,68.0,40.0,63.0,62.0,55.2,60.3,67.0,94.0,344.0,60.0,8.0,33.0,5,0,,,,,6584202
Torpel Jorrin,Kallan FC,Eredivisie,25,DM,1810,31,0,0,2.43,0.86,16.0,5.0,30.0,94.2,189.0,54.0,21.0,3.0,42.0,40.0,34.2,49.0,43.0,57.0,121.0,60.0,9.0,10.0,5,1,,,,,16533669
Farez Corsen,Danhus FC,Eredivisie,27,GK,933,12,0,0,,,,,18.0,91.1,28.0,17.0,2.0,2.0,28.0,10.0,54.9,52.7,30.0,37.0,114.0,17.0,8.0,10.0,8,0,27.0,14.0,6.0,10.0,8609938
Nevos Belju,Danhus FC,Eredivisie,25,GK,942,12,0,0,,,,,5.0,82.0,116.0,9.0,11.0,14.0,7.0,24.0,39.8,61.0,11.0,12.0,90.0,16.0,9.0,7.0,6,0,44.0,9.0,5.0,10.0,20303817
Belpel Danrin,Danhus FC,Eredivisie,23,DM,1651,27,1,0,0.81,1.89,17.0,5.0,38.0,71.3,65.0,96.0,37.0,9.0,21.0,51.0,59.4,45.3,22.0,57.0,129.0,34.0,12.0,26.0,1,0,,,,,22918401
Farce Ostgio,Danhus FC,Eredivisie,21,ST,2181,28,13,5,14.17,6.13,52.0,15.0,20.0,74.3,227.0,64.0,62.0,23.0,99.0,82.0,49.9,61.7,23.0,72.0,207.0,65.0,17.0,13.0,5,0,,,,,21445177
Nevfal Silrin,Danhus FC,Eredivisie,22,DM,986,14,0,0,1.26,0.97,15.0,3.0,18.0,66.0,72.0,6.0,19.0,12.0,62.0,15.0,43.7,57.9,5.0,15.0,45.0,16.0,3.0,8.0,0,0,,,,,5133005
Lunju Silos,Danhus FC,Eredivisie,23,LW,1701,27,1,0,0.83,0.59,36.0,16.0,21.0,76.7,81.0,25.0,21.0,16.0,87.0,43.0,56.9,47.9,23.0,8.0,102.0,24.0,11.0,13.0,2,0,,,,,362437
Belhus Quifal,Danhus FC,Eredivisie,25,ST,2053,25,5,4,6.0,4.56,43.0,17.0,10.0,93.2,68.0,24.0,50.0,27.0,28.0,84.0,35.5,62.4,38.0,71.0,260.0,32.0,25.0,13.0,5,0,,,,,6929945
Kalos Rosgio,Danhus FC,Eredivisie,21,CM,1630,25,0,0,0.69,1.79,26.0,8.0,24.0,66.0,38.0,22.0,19.0,16.0,99.0,18.0,63.7,55.9,30.0,15.0,133.0,49.0,11.0,13.0,3,0,,,,,9991500
Hendin Elifal,Danhus FC,Eredivisie,29,AM,228,3,0,0,0.11,0.07,4.0,1.0,1.0,77.0,7.0,5.0,4.0,3.0,13.0,10.0,52.2,52.6,3.0,4.0,16.0,6.0,1.0,3.0,9,0,,,,,250032
Praju Praos,Danhus FC,Eredivisie,24,DM,2019,36,0,2,3.21,5.57,14.0,4.0,5.0,65.6,178.0,15.0,25.0,24.0,11.0,85.0,59.2,59.4,13.0,59.0,190.0,65.0,2.0,12.0,0,0,,,,,5459796
Farpel Quikov,Danhus FC,Eredivisie,27,CB,2786,35,1,2,4.57,2.3,38.0,14.0,37.0,72.5,121.0,115.0,39.0,13.0,20.0,56.0,56.1,50.5,92.0,101.0,249.0,82.0,27.0,18.0,3,0,,,,,14150628
Belrin Elisen,Danhus FC,Eredivisie,19,LW,484,5,2,0,2.03,1.44,10.0,4.0,3.0,91.9,50.0,13.0,16.0,7.0,19.0,13.0,44.2,48.3,4.0,12.0,24.0,2.0,5.0,4.0,7,0,,,,,18734123
Jorhus Elivic,Danhus FC,Eredivisie,19,CB,444,7,0,0,0.08,0.97,7.0,2.0,2.0,72.7,14.0,13.0,9.0,2.0,17.0,2.0,42.6,63.8,7.0,15.0,39.0,17.0,1.0,10.0,6,0,,,,,9161434
Nevce Silic,Danhus FC,Eredivisie,26,LW,788,11,1,0,1.19,0.62,18.0,6.0,13.0,80.6,21.0,11.0,19.0,9.0,48.0,24.0,36.9,63.6,13.0,21.0,55.0,6.0,3.0,4.0,1,0,,,,,1854016
Ivaju Elilan,Danhus FC,Eredivisie,20,DM,988,13,0,0,1.19,2.56,3.0,0.0,13.0,71.1,37.0,38.0,7.0,13.0,21.0,39.0,59.6,47.9,11.0,16.0,110.0,43.0,9.0,14.0,1,0,,,,,10758610
Henfal Torvic,Danhus FC,Eredivisie,30,AM,1843,32,3,2,3.66,2.6,24.0,11.0,12.0,95.0,50.0,40.0,9.0,16.0,88.0,14.0,48.3,50.2,60.0,23.0,182.0,81.0,22.0,41.0,8,1,,,,,5125989
Corba Ivavic,Danhus FC,Eredivisie,24,RB,1284,16,0,0,1.37,2.32,11.0,3.0,12.0,75.7,78.0,48.0,15.0,21.0,63.0,28.0,38.5,51.1,10.0,10.0,38.0,5.0,13.0,31.0,4,0,,,,,486741
Nevos Faric,Danhus FC,Eredivisie,19,RB,2222,27,1,2,3.24,4.18,37.0,17.0,19.0,71.0,70.0,16.0,52.0,29.0,36.0,28.0,67.4,45.9,40.0,37.0,116.0,77.0,5.0,13.0,2,0,,,,,10485811
Corpel Praba,Danhus FC,Eredivisie,22,LW,2632,31,0,0,0.77,0.63,95.0,42.0,9.0,70.3,146.0,70.0,27.0,12.0,95.0,20.0,58.7,61.9,29.0,23.0,87.0,26.0,13.0,28.0,1,0,,,,,551031
Nevfal Jorsen,Danhus FC,Eredivisie,23,ST,1509,21,1,0,1.86,1.57,44.0,19.0,11.0,86.1,45.0,56.0,12.0,13.0,51.0,15.0,45.8,61.8,30.0,10.0,85.0,66.0,16.0,34.0,8,0,,,,,913954
Toros Roslan,Danhus FC,Eredivisie,27,ST,1669,21,5,4,6.06,4.14,75.0,39.0,4.0,85.9,118.0,32.0,35.0,25.0,49.0,43.0,48.3,66.1,13.0,12.0,104.0,26.0,19.0,17.0,7,0,,,,,2450750
Golju Nevez,Danhus FC,Eredivisie,19,ST,1980,32,5,1,4.87,4.53,49.0,14.0,57.0,72.3,61.0,30.0,22.0,4.0,14.0,19.0,34.5,55.8,55.0,42.0,267.0,17.0,16.0,46.0,7,0,,,,,14080039
Quirin Jorgio,Ivahus FC,Eredivisie,22,GK,1854,31,0,0,,,,,34.0,69.7,114.0,20.0,33.0,11.0,119.0,67.0,52.8,57.2,33.0,33.0,200.0,75.0,15.0,41.0,6,0,47.0,42.0,1.0,16.0,7200277
Silic Rossen,Ivahus FC,Eredivisie,30,GK,741,12,0,0,,,,,3.0,64.6,62.0,19.0,3.0,11.0,44.0,17.0,38.0,65.9,5.0,24.0,59.0,28.0,9.0,11.0,5,0,25.0,9.0,5.0,12.0,2736796
Ostez Nevce,Ivahus FC,Eredivisie,25,DM,1792,25,1,1,1.11,3.59,26.0,6.0,18.0,68.1,118.0,13.0,32.0,22.0,92.0,18.0,45.8,62.9,28.0,23.0,210.0,77.0,23.0,38.0,4,0,,,,,4316958
Nevez Pramir,Ivahus FC,Eredivisie,18,CM,2346,37,1,0,3.93,5.64,37.0,18.0,45.0,92.2,243.0,58.0,31.0,37.0,137.0,74.0,49.2,61.4,67.0,81.0,122.0,19.0,11.0,49.0,0,0,,,,,15195004
Lunfal Ivaez,Ivahus FC,Eredivisie,22,LW,1232,14,3,3,3.28,1.34,38.0,15.0,23.0,86.8,85.0,42.0,7.0,15.0,70.0,24.0,31.6,52.3,16.0,27.0,42.0,7.0,7.0,10.0,7,0,,,,,3716727
Torba Quiju,Ivahus FC,Eredivisie,29,CM,1557,27,1,1,2.64,3.48,29.0,11.0,12.0,89.3,64.0,49.0,48.0,20.0,12.0,47.0,57.7,47.8,23.0,40.0,168.0,17.0,12.0,29.0,7,0,,,,,6022824
Golce Corsen,Ivahus FC,Eredivisie,21,DM,2093,24,2,0,2.7,5.14,6.0,2.0,14.0,72.5,125.0,71.0,7.0,16.0,25.0,19.0,53.8,57.1,53.0,45.0,226.0,44.0,10.0,24.0,1,0,,,,,15966407
Arfal Arsen,Ivahus FC,Eredivisie,20,CB,1911,29,2,3,1.64,3.99,14.0,4.0,35.0,67.4,203.0,23.0,40.0,24.0,62.0,7.0,61.7,60.5,32.0,23.0,100.0,82.0,17.0,24.0,4,0,,,,,25698798
Nevdin Torba,Ivahus FC,Eredivisie,34,DM,2499,39,0,2,1.62,3.19,26.0,7.0,11.0,88.8,73.0,53.0,56.0,10.0,54.0,102.0,67.9,47.5,24.0,74.0,201.0,10.0,21.0,29.0,1,0,,,,,3217819
Farlan Praos,Ivahus FC,Eredivisie,25,CM,2256,38,0,0,1.3,2.29,12.0,4.0,23.0,74.0,54.0,104.0,73.0,33.0,126.0,41.0,68.3,62.0,66.0,39.0,241.0,71.0,11.0,33.0,1,0,,,,,3074151
Jorez Ostdin,Ivahus FC,Eredivisie,34,CB,2216,30,0,1,2.64,1.3,41.0,12.0,26.0,84.4,156.0,79.0,29.0,7.0,53.0,54.0,45.6,51.2,40.0,19.0,158.0,67.0,15.0,17.0,8,0,,,,,3721563
Ardin Morsen,Ivahus FC,Eredivisie,24,ST,1849,21,7,2,8.45,4.11,54.0,22.0,15.0,65.4,96.0,36.0,56.0,5.0,10.0,66.0,67.6,44.5,12.0,21.0,101.0,34.0,8.0,26.0,4,0,,,,,2989889
Lungio Ostlan,Ivahus FC,Eredivisie,20,CM,1533,27,0,0,2.12,0.84,13.0,6.0,11.0,73.5,37.0,39.0,35.0,20.0,83.0,44.0,47.8,55.4,35.0,41.0,133.0,18.0,9.0,31.0,4,0,,,,,11417326
Jorpel Pranen,Ivahus FC,Eredivisie,26,CM,3135,46,1,4,4.21,4.34,36.0,16.0,29.0,94.0,94.0,73.0,108.0,28.0,95.0,87.0,53.5,51.9,20.0,31.0,192.0,59.0,10.0,33.0,9,0,,,,,4818733
Rosba Lunrin,Ivahus FC,Eredivisie,18,CM,1367,22,0,0,0.4,3.76,10.0,3.0,2.0,79.4,67.0,32.0,17.0,2.0,21.0,54.0,59.5,58.1,13.0,23.0,41.0,59.0,3.0,16.0,6,0,,,,,220831
Nevsen Quice,Ivahus FC,Eredivisie,21,AM,1196,16,1,0,1.23,0.93,25.0,8.0,12.0,88.8,64.0,38.0,7.0,15.0,42.0,46.0,55.9,62.8,7.0,10.0,94.0,22.0,15.0,20.0,4,1,,,,,1495134
Ivakov Jorrin,Ivahus FC,Eredivisie,24,ST,1444,18,1,0,1.67,0.55,29.0,9.0,20.0,78.8,37.0,59.0,29.0,15.0,75.0,35.0,50.6,63.6,26.0,27.0,76.0,6.0,10.0,21.0,7,0,,,,,1131228
Farnen Ostsen,Ivahus FC,Eredivisie,24,RB,1667,26,0,0,2.84,4.06,25.0,7.0,16.0,93.3,111.0,32.0,4.0,12.0,79.0,44.0,46.0,61.2,37.0,26.0,92.0,32.0,17.0,11.0,8,0,,,,,2809599
Golsen Quiba,Ivahus FC,Eredivisie,17,RB,1604,23,0,0,0.97,0.62,12.0,5.0,4.0,73.7,101.0,31.0,41.0,2.0,37.0,20.0,44.3,58.6,24.0,24.0,208.0,30.0,14.0,29.0,2,0,,,,,15274035
Morju Elivic,Ivahus FC,Eredivisie,20,CM,2250,31,0,1,1.04,3.63,11.0,4.0,17.0,69.3,98.0,31.0,4.0,29.0,34.0,26.0,36.5,60.1,37.0,20.0,84.0,58.0,5.0,15.0,6,0,,,,,1556801
Farvic Quiba,Ivahus FC,Eredivisie,24,CM,1088,17,0,0,0.16,1.7,16.0,7.0,11.0,89.9,93.0,50.0,15.0,1.0,50.0,48.0,59.6,50.7,14.0,32.0,73.0,15.0,7.0,20.0,6,0,,,,,2354002
Kaldin Kaltov,Ivahus FC,Eredivisie,23,CM,1587,19,0,0,0.63,3.87,9.0,2.0,25.0,65.6,87.0,73.0,36.0,16.0,9.0,20.0,59.4,58.5,15.0,27.0,75.0,45.0,10.0,27.0,2,0,,,,,3604940
Lunsen Rosju,Nevlan FC,Eredivisie,29,GK,2153,34,0,0,,,,,44.0,77.0,121.0,25.0,32.0,19.0,78.0,90.0,57.9,64.9,51.0,64.0,109.0,87.0,9.0,31.0,9,0,107.0,48.0,8.0,13.0,6646667
Silce Elinen,Nevlan FC,Eredivisie,23,GK,1938,21,0,0,,,,,27.0,72.7,170.0,89.0,52.0,16.0,20.0,64.0,54.3,50.2,64.0,32.0,138.0,47.0,15.0,39.0,4,0,81.0,16.0,13.0,20.0,21143888
Ivalan Golce,Nevlan FC,Eredivisie,28,LW,2376,35,9,8,9.68,7.12,94.0,39.0,44.0,76.1,184.0,105.0,5.0,12.0,135.0,94.0,59.6,52.1,49.0,61.0,162.0,16.0,14.0,19.0,8,0,,,,,13608637
Praos Jorlan,Nevlan FC,Eredivisie,28,CB,1127,18,0,0,0.48,2.56,14.0,5.0,16.0,92.7,64.0,8.0,27.0,13.0,19.0,47.0,51.2,61.6,14.0,10.0,50.0,47.0,9.0,7.0,0,0,,,,,1297977
Farce Ivakov,Nevlan FC,Eredivisie,24,ST,1358,21,2,0,2.46,0.8,17.0,5.0,6.0,65.6,90.0,10.0,8.0,4.0,86.0,36.0,64.8,48.7,12.0,39.0,73.0,19.0,7.0,11.0,8,0,,,,,5680094
Belnen Roslan,Nevlan FC,Eredivisie,20,CB,1528,18,1,1,2.24,3.52,8.0,2.0,36.0,68.0,71.0,28.0,15.0,5.0,97.0,50.0,65.0,54.6,15.0,26.0,92.0,42.0,9.0,14.0,2,0,,,,,4498646
Jorhus Lunos,Nevlan FC,Eredivisie,22,CM,2704,40,2,0,4.36,5.48,17.0,8.0,29.0,94.0,229.0,88.0,90.0,31.0,85.0,93.0,64.5,48.5,43.0,82.0,378.0,80.0,4.0,56.0,3,0,,,,,15753806
Farez Prakov,Nevlan FC,Eredivisie,21,ST,2171,31,5,2,5.33,3.08,71.0,24.0,30.0,73.4,81.0,111.0,29.0,24.0,10.0,74.0,43.7,48.4,40.0,39.0,223.0,31.0,10.0,13.0,3,0,,,,,5191631
Praba Pramir,Nevlan FC,Eredivisie,19,CM,1658,23,2,3,1.2,1.2,31.0,10.0,47.0,68.2,215.0,134.0,41.0,11.0,72.0,23.0,67.0,62.5,64.0,57.0,195.0,14.0,19.0,39.0,6,0,,,,,21057602
Danfal Kallan,Nevlan FC,Eredivisie,22,CM,1480,19,2,1,2.81,1.26,21.0,8.0,20.0,90.0,75.0,114.0,11.0,17.0,74.0,26.0,63.9,51.3,34.0,45.0,211.0,22.0,4.0,10.0,3,0,,,,,25377590
Elizar Danlan,Nevlan FC,Eredivisie,27,ST,2084,31,4,2,3.7,1.7,49.0,24.0,26.0,82.0,135.0,101.0,55.0,9.0,45.0,58.0,41.1,48.9,10.0,59.0,192.0,92.0,6.0,16.0,0,0,,,,,3661972
Prarin Jornen,Nevlan FC,Eredivisie,25,CM,1748,29,1,1,1.32,3.66,16.0,6.0,23.0,69.6,103.0,53.0,40.0,14.0,68.0,73.0,49.6,43.5,13.0,36.0,180.0,60.0,17.0,25.0,6,0,,,,,8902918
Faros Praez,Nevlan FC,Eredivisie,22,CB,1192,16,0,0,1.56,0.66,23.0,9.0,15.0,85.1,81.0,42.0,2.0,14.0,65.0,18.0,45.6,58.8,20.0,8.0,43.0,42.0,8.0,25.0,3,0,,,,,3136005
Mormir Quirin,Nevlan FC,Eredivisie,26,DM,1821,29,0,1,2.85,1.52,15.0,6.0,21.0,76.0,87.0,78.0,22.0,18.0,99.0,13.0,38.4,63.3,41.0,16.0,125.0,16.0,19.0,42.0,3,1,,,,,4345915
Kalfal Pranen,Nevlan FC,Eredivisie,29,ST,2219,29,4,2,4.64,3.21,60.0,21.0,47.0,82.7,177.0,20.0,32.0,18.0,89.0,74.0,66.3,54.4,13.0,27.0,234.0,31.0,29.0,48.0,3,0,,,,,1466055
Moric Silvic,Nevlan FC,Eredivisie,32,LW,2191,28,9,4,8.98,6.17,52.0,18.0,6.0,69.8,54.0,64.0,57.0,4.0,46.0,27.0,67.9,52.8,36.0,60.0,207.0,21.0,28.0,22.0,7,0,,,,,2710288
Quidin Belfal,Nevlan FC,Eredivisie,22,RB,1431,19,0,0,1.57,3.53,22.0,8.0,16.0,81.7,93.0,23.0,9.0,20.0,49.0,49.0,37.4,52.1,9.0,37.0,134.0,29.0,12.0,25.0,0,0,,,,,1939354
Ivahus Gollan,Nevlan FC,Eredivisie,27,AM,1473,17,7,2,8.74,5.76,37.0,15.0,38.0,81.1,118.0,17.0,46.0,17.0,70.0,37.0,46.5,61.8,49.0,30.0,148.0,20.0,9.0,31.0,4,0,,,,,9759786
Golhus Henzar,Nevlan FC,Eredivisie,25,CB,2758,36,1,1,2.59,3.47,18.0,4.0,13.0,80.4,247.0,20.0,37.0,25.0,54.0,95.0,32.3,48.8,43.0,28.0,312.0,66.0,6.0,25.0,7,1,,,,,2016723
Arju Praez,Nevlan FC,Eredivisie,31,LW,1867,29,1,1,1.55,1.31,39.0,10.0,27.0,75.8,86.0,67.0,4.0,6.0,91.0,23.0,61.1,46.9,30.0,30.0,110.0,52.0,19.0,42.0,0,0,,,,,259652
Belrin Quimir,Nevlan FC,Eredivisie,20,DM,1834,30,0,0,1.21,2.1,34.0,9.0,33.0,86.7,33.0,76.0,19.0,2.0,29.0,35.0,34.6,57.1,14.0,30.0,83.0,16.0,22.0,20.0,2,0,,,,,5074093
Silvic Henrin,Nevlan FC,Eredivisie,22,ST,1215,14,2,1,2.52,2.35,40.0,12.0,4.0,83.1,49.0,54.0,21.0,15.0,53.0,28.0,52.1,59.3,20.0,21.0,115.0,17.0,6.0,7.0,9,0,,,,,4013588
Rosce Jorvic,Torvic FC,Eredivisie,26,GK,1161,18,0,0,,,,,6.0,77.2,75.0,27.0,2.0,9.0,74.0,5.0,65.0,56.4,25.0,29.0,55.0,4.0,13.0,24.0,3,0,38.0,24.0,2.0,12.0,462856
Beldin Jormir,Torvic FC,Eredivisie,23,GK,2306,32,0,0,,,,,28.0,82.0,183.0,71.0,37.0,37.0,23.0,46.0,66.2,48.8,74.0,20.0,176.0,81.0,13.0,27.0,1,0,80.0,42.0,6.0,31.0,15652552
Corvic Rosgio,Torvic FC,Eredivisie,25,CB,1891,24,0,1,2.13,2.83,10.0,4.0,16.0,71.7,170.0,49.0,26.0,30.0,76.0,19.0,67.3,47.1,22.0,51.0,208.0,57.0,14.0,40.0,2,1,,,,,3817593
Prace Torfal,Torvic FC,Eredivisie,25,LW,1315,21,4,2,5.3,3.52,17.0,8.0,15.0,90.5,62.0,36.0,7.0,4.0,8.0,43.0,30.6,44.4,22.0,25.0,54.0,34.0,2.0,29.0,8,0,,,,,3809596
Silos Torpel,Torvic FC,Eredivisie,26,AM,1460,23,2,1,2.91,0.84,48.0,13.0,11.0,66.8,109.0,37.0,4.0,2.0,85.0,5.0,53.5,40.9,15.0,31.0,78.0,17.0,4.0,11.0,3,0,,,,,1146046
Nevba Silhus,Torvic FC,Eredivisie,23,CM,1416,18,0,2,1.19,1.09,23.0,8.0,26.0,82.8,95.0,16.0,40.0,21.0,91.0,49.0,63.3,55.9,23.0,19.0,104.0,56.0,4.0,18.0,0,0,,,,,8686988
Ivaos Quifal,Torvic FC,Eredivisie,32,CB,2371,27,1,1,3.23,3.03,43.0,9.0,30.0,82.6,61.0,110.0,10.0,35.0,57.0,84.0,34.4,64.7,39.0,19.0,153.0,26.0,9.0,20.0,3,0,,,,,2657879
Torvic Kalnen,Torvic FC,Eredivisie,28,LW,2209,25,8,5,8.02,4.05,31.0,10.0,43.0,88.9,73.0,30.0,71.0,6.0,106.0,56.0,66.2,45.0,56.0,30.0,289.0,73.0,4.0,36.0,4,0,,,,,6689917
Silos Moros,Torvic FC,Eredivisie,27,AM,785,8,1,0,1.05,0.77,18.0,4.0,19.0,72.5,28.0,39.0,9.0,8.0,23.0,33.0,67.2,54.7,19.0,6.0,88.0,8.0,10.0,16.0,4,0,,,,,6314569
Corez Prazar,Torvic FC,Eredivisie,27,DM,2287,29,0,1,2.77,4.22,6.0,1.0,6.0,72.3,146.0,13.0,55.0,3.0,143.0,70.0,62.3,43.2,28.0,54.0,160.0,62.0,15.0,36.0,0,0,,,,,2202235
Corce Corzar,Torvic FC,Eredivisie,25,AM,1756,28,2,1,2.29,0.77,87.0,35.0,14.0,74.7,61.0,30.0,5.0,3.0,57.0,9.0,46.8,50.4,19.0,23.0,80.0,17.0,12.0,37.0,3,0,,,,,568611
Rosvic Coros,Torvic FC,Eredivisie,34,LW,1569,21,4,2,4.68,2.6,55.0,26.0,23.0,72.3,89.0,26.0,4.0,2.0,32.0,39.0,51.5,50.0,33.0,34.0,118.0,31.0,9.0,26.0,2,0,,,,,2268696
Belpel Farhus,Torvic FC,Eredivisie,18,LW,1867,21,5,3,5.21,2.39,64.0,32.0,15.0,87.9,43.0,54.0,5.0,22.0,54.0,71.0,69.7,61.4,51.0,60.0,210.0,37.0,8.0,41.0,5,0,,,,,14406819
Quihus Osthus,Torvic FC,Eredivisie,21,RB,264,3,0,0,0.24,0.61,1.0,0.0,4.0,91.5,15.0,7.0,7.0,2.0,13.0,4.0,55.8,65.8,4.0,7.0,18.0,6.0,2.0,4.0,5,0,,,,,4491459
Jorce Rostov,Torvic FC,Eredivisie,25,LW,2461,37,2,2,3.05,1.15,55.0,15.0,25.0,79.8,77.0,82.0,40.0,27.0,31.0,80.0,33.0,42.7,31.0,39.0,102.0,26.0,7.0,13.0,0,0,,,,,941836
Kalsen Golic,Torvic FC,Eredivisie,27,RB,1163,17,0,0,2.25,1.98,5.0,2.0,15.0,91.2,79.0,26.0,10.0,6.0,28.0,23.0,69.1,53.9,23.0,25.0,69.0,44.0,12.0,18.0,5,0,,,,,5013548
Praic Jorpel,Torvic FC,Eredivisie,35,RB,2527,37,0,0,2.6,6.3,20.0,8.0,5.0,66.7,41.0,86.0,13.0,4.0,22.0,21.0,50.4,58.6,14.0,35.0,139.0,83.0,5.0,22.0,0,0,,,,,1290292
Silrin Morzar,Torvic FC,Eredivisie,22,CB,1966,31,2,0,3.87,3.28,4.0,0.0,19.0,72.9,137.0,39.0,30.0,19.0,8.0,10.0,59.6,49.4,50.0,27.0,191.0,62.0,3.0,20.0,3,0,,,,,16482526
Hentov Corfal,Torvic FC,Eredivisie,25,RB,1093,12,1,0,1.96,2.91,12.0,5.0,27.0,93.3,73.0,44.0,11.0,2.0,53.0,4.0,47.4,66.0,8.0,31.0,83.0,6.0,12.0,20.0,4,0,,,,,8206385
Lunos Quice,Torvic FC,Eredivisie,31,LW,1379,15,7,4,6.06,2.43,63.0,30.0,23.0,68.5,43.0,14.0,56.0,14.0,52.0,13.0,35.2,47.4,26.0,40.0,163.0,17.0,5.0,20.0,3,0,,,,,14765036
Elikov Morba,Torvic FC,Eredivisie,18,RB,2140,35,2,3,3.86,2.3,37.0,10.0,11.0,81.5,159.0,105.0,77.0,34.0,76.0,89.0,52.9,57.4,59.0,19.0,245.0,25.0,9.0,17.0,0,0,,,,,27058593
Jorlan Elice,Torvic FC,Eredivisie,21,LW,722,9,0,0,0.32,0.24,15.0,7.0,5.0,77.0,15.0,4.0,9.0,1.0,25.0,32.0,33.7,47.9,12.0,9.0,23.0,29.0,8.0,13.0,0,0,,,,,650892
Ostfal Corfal,Arnen FC,Eredivisie,32,GK,823,13,0,0,,,,,12.0,92.7,58.0,17.0,15.0,2.0,42.0,34.0,59.3,61.6,13.0,5.0,41.0,15.0,5.0,13.0,6,1,47.0,13.0,1.0,7.0,591679
Corju Henpel,Arnen FC,Eredivisie,24,GK,1804,20,0,0,,,,,32.0,71.6,120.0,10.0,29.0,27.0,44.0,37.0,31.9,64.2,40.0,23.0,147.0,62.0,9.0,22.0,9,0,62.0,20.0,7.0,12.0,4531215
Farfal Corsen,Arnen FC,Eredivisie,21,CM,1122,14,0,1,0.98,1.65,22.0,8.0,9.0,66.2,59.0,62.0,3.0,18.0,7.0,39.0,68.6,58.2,17.0,24.0,77.0,33.0,4.0,15.0,4,0,,,,,10170090
Farsen Aric,Arnen FC,Eredivisie,20,CM,1635,21,1,0,2.67,4.02,27.0,6.0,12.0,88.9,143.0,30.0,14.0,13.0,44.0,62.0,50.0,59.0,27.0,14.0,177.0,54.0,18.0,7.0,2,0,,,,,9664733
Elihus Silsen,Arnen FC,Eredivisie,26,RB,2112,25,1,0,1.4,3.46,18.0,6.0,13.0,83.0,102.0,84.0,40.0,4.0,77.0,36.0,53.4,57.9,15.0,12.0,94.0,12.0,22.0,28.0,8,1,,,,,2001441
Ivalan Ostlan,Arnen FC,Eredivisie,25,CB,1845,24,0,0,3.2,4.25,24.0,11.0,7.0,87.7,56.0,29.0,9.0,18.0,9.0,69.0,59.8,63.0,22.0,43.0,124.0,40.0,3.0,15.0,1,0,,,,,1027412
Tormir Corsen,Arnen FC,Eredivisie,23,LW,890,10,1,0,1.56,1.45,26.0,11.0,22.0,80.3,47.0,47.0,21.0,11.0,48.0,13.0,46.5,54.2,26.0,13.0,52.0,22.0,4.0,19.0,9,0,,,,,17921846
Rosos Quiba,Arnen FC,Eredivisie,26,LW,622,11,2,1,2.05,0.75,28.0,8.0,2.0,80.4,32.0,35.0,19.0,5.0,16.0,20.0,61.9,59.0,9.0,13.0,38.0,6.0,7.0,14.0,3,0,,,,,6866696
Kalhus Farkov,Arnen FC,Eredivisie,23,RB,2269,30,0,3,2.51,0.8,6.0,2.0,24.0,89.2,193.0,88.0,42.0,25.0,111.0,74.0,40.4,48.2,43.0,16.0,271.0,64.0,5.0,35.0,3,0,,,,,12073809
Luntov Belic,Arnen FC,Eredivisie,21,CB,2412,27,0,1,0.93,3.55,45.0,16.0,29.0,78.6,196.0,99.0,62.0,40.0,71.0,84.0,61.8,61.0,48.0,45.0,208.0,105.0,21.0,31.0,8,0,,,,,1782668
Ardin Silez,Arnen FC,Eredivisie,29,CB,1324,17,2,0,2.65,1.05,18.0,8.0,24.0,75.2,158.0,35.0,12.0,21.0,14.0,50.0,33.3,68.0,18.0,46.0,104.0,50.0,3.0,26.0,4,0,,,,,15325549
Elisen Elice,Arnen FC,Eredivisie,19,AM,2233,33,11,8,13.08,9.85,110.0,42.0,64.0,79.4,210.0,30.0,56.0,6.0,130.0,59.0,68.1,52.5,57.0,74.0,142.0,56.0,19.0,21.0,6,0,,,,,20749863
Torrin Silba,Arnen FC,Eredivisie,22,LW,2074,35,3,1,2.64,1.43,39.0,21.0,10.0,69.4,58.0,60.0,32.0,3.0,96.0,71.0,48.4,46.0,37.0,35.0,196.0,31.0,10.0,33.0,2,0,,,,,1377692
Silsen Ivaba,Arnen FC,Eredivisie,23,LW,2692,44,7,4,7.38,3.85,51.0,13.0,20.0,65.9,74.0,89.0,48.0,26.0,23.0,112.0,46.4,54.3,41.0,94.0,237.0,79.0,7.0,42.0,2,0,,,,,17910021
Lunic Praju,Arnen FC,Eredivisie,26,AM,1255,16,3,1,3.74,3.37,24.0,10.0,16.0,83.3,30.0,55.0,3.0,6.0,60.0,41.0,50.9,58.7,19.0,10.0,77.0,37.0,8.0,16.0,4,0,,,,,7974334
Golce Hendin,Arnen FC,Eredivisie,27,DM,1014,17,0,0,0.36,2.44,9.0,4.0,12.0,71.2,31.0,31.0,25.0,4.0,23.0,22.0,42.1,50.8,17.0,21.0,78.0,36.0,11.0,17.0,9,0,,,,,975896
Corpel Silsen,Arnen FC,Eredivisie,19,AM,1258,14,1,1,1.88,1.31,54.0,19.0,5.0,92.4,110.0,40.0,31.0,8.0,11.0,33.0,47.4,45.8,28.0,29.0,109.0,41.0,14.0,20.0,1,0,,,,,4278545
Silmir Morlan,Arnen FC,Eredivisie,23,AM,2461,29,12,5,14.22,10.4,110.0,40.0,41.0,68.7,238.0,103.0,74.0,17.0,66.0,91.0,57.1,43.7,52.0,57.0,247.0,45.0,20.0,50.0,4,0,,,,,10447395
Kalic Elinen,Arnen FC,Eredivisie,22,CB,1612,24,0,2,0.18,2.57,5.0,2.0,29.0,70.6,161.0,89.0,23.0,4.0,61.0,42.0,50.3,46.7,28.0,55.0,146.0,46.0,4.0,23.0,1,0,,,,,8505271
Moros Lunsen,Arnen FC,Eredivisie,24,ST,1673,29,5,3,4.78,4.34,52.0,22.0,25.0,68.7,171.0,78.0,46.0,10.0,62.0,24.0,62.5,44.7,38.0,51.0,205.0,38.0,22.0,21.0,9,0,,,,,10602895
Arfal Jorhus,Arnen FC,Eredivisie,18,CM,2112,26,1,0,2.06,3.51,26.0,6.0,40.0,83.5,119.0,104.0,34.0,17.0,24.0,80.0,69.1,47.8,25.0,63.0,155.0,53.0,3.0,13.0,8,0,,,,,5555983
Belsen Arrin,Arnen FC,Eredivisie,30,ST,2926,40,9,4,8.25,2.97,109.0,54.0,34.0,83.8,311.0,82.0,18.0,19.0,72.0,61.0,69.1,47.2,22.0,56.0,286.0,34.0,17.0,54.0,1,0,,,,,21334351
Moric Kalce,Cortov FC,Eredivisie,19,GK,2033,33,0,0,,,,,56.0,84.7,220.0,95.0,55.0,30.0,17.0,77.0,67.1,55.7,69.0,40.0,157.0,86.0,11.0,45.0,7,0,71.0,26.0,18.0,14.0,18902813
Danvic Rosos,Cortov FC,Eredivisie,33,GK,906,11,0,0,,,,,17.0,89.8,20.0,41.0,2.0,5.0,11.0,10.0,41.1,62.2,28.0,11.0,65.0,5.0,12.0,20.0,6,0,33.0,19.0,2.0,14.0,6298321
Elimir Quifal,Cortov FC,Eredivisie,21,ST,1711,23,3,1,3.04,2.2,62.0,25.0,29.0,92.9,40.0,41.0,27.0,16.0,113.0,49.0,41.0,46.8,15.0,45.0,183.0,29.0,13.0,19.0,9,0,,,,,10493840
Arzar Golba,Cortov FC,Eredivisie,24,CB,725,10,0,0,0.79,1.88,2.0,0.0,3.0,87.7,24.0,33.0,1.0,3.0,7.0,5.0,31.1,62.4,8.0,15.0,37.0,21.0,9.0,4.0,7,0,,,,,9338157
Corgio Elice,Cortov FC,Eredivisie,26,RB,2872,32,4,3,3.75,5.77,34.0,10.0,71.0,89.4,285.0,172.0,129.0,5.0,152.0,21.0,44.8,62.6,23.0,121.0,307.0,56.0,12.0,18.0,0,0,,,,,8386061
Goldin Corfal,Cortov FC,Eredivisie,22,RB,1976,24,1,1,1.24,1.69,35.0,16.0,22.0,91.7,77.0,78.0,32.0,32.0,89.0,67.0,61.7,59.6,25.0,38.0,82.0,72.0,9.0,29.0,3,0,,,,,3857493
Danrin Morez,Cortov FC,Eredivisie,21,CB,2686,42,1,2,3.99,1.26,25.0,7.0,8.0,93.0,145.0,23.0,17.0,15.0,177.0,19.0,39.7,60.8,64.0,46.0,196.0,106.0,5.0,15.0,9,0,,,,,4697731
Corce Henpel,Cortov FC,Eredivisie,19,CM,2312,39,0,1,2.63,6.02,43.0,14.0,45.0,82.7,268.0,120.0,79.0,8.0,42.0,77.0,31.4,57.1,37.0,40.0,276.0,41.0,29.0,35.0,4,0,,,,,25022515
Quisen Osthus,Cortov FC,Eredivisie,22,LW,1309,19,2,1,2.2,1.85,33.0,8.0,8.0,82.9,49.0,48.0,24.0,19.0,82.0,24.0,53.0,49.0,24.0,13.0,58.0,39.0,9.0,27.0,5,0,,,,,2194605
Torez Nevnen,Cortov FC,Eredivisie,20,LW,786,11,3,1,3.74,2.73,20.0,9.0,5.0,87.5,19.0,52.0,1.0,12.0,29.0,28.0,33.2,50.2,16.0,24.0,87.0,26.0,10.0,17.0,9,0,,,,,15638502
Kalvic Quice,Cortov FC,Eredivisie,25,LW,1669,18,9,4,11.57,7.94,25.0,10.0,27.0,78.1,101.0,54.0,59.0,11.0,95.0,6.0,30.8,48.6,29.0,22.0,131.0,43.0,3.0,16.0,2,0,,,,,10560973
Golnen Arsen,Cortov FC,Eredivisie,19,ST,1881,22,5,3,6.08,2.97,55.0,24.0,37.0,87.9,184.0,36.0,40.0,17.0,87.0,65.0,49.8,64.7,36.0,39.0,118.0,28.0,9.0,30.0,8,0,,,,,9840859
Hengio Rosos,Cortov FC,Eredivisie,23,LW,2131,26,7,3,8.29,5.28,89.0,27.0,15.0,76.3,185.0,129.0,77.0,31.0,9.0,21.0,50.5,63.5,24.0,32.0,155.0,71.0,18.0,40.0,4,0,,,,,21003510
Henic Jorhus,Cortov FC,Eredivisie,27,CB,2741,41,3,3,4.26,1.58,6.0,2.0,54.0,92.5,214.0,107.0,88.0,29.0,143.0,60.0,41.5,49.7,42.0,31.0,355.0,59.0,10.0,49.0,5,0,,,,,9353461
Torzar Kalez,Cortov FC,Eredivisie,26,AM,1546,24,5,4,4.61,4.63,26.0,14.0,33.0,73.4,106.0,86.0,46.0,16.0,57.0,25.0,34.8,55.6,41.0,43.0,111.0,38.0,5.0,21.0,1,0,,,,,3345107
Henez Morlan,Cortov FC,Eredivisie,23,ST,2487,29,1,1,1.67,0.96,42.0,20.0,5.0,80.2,90.0,83.0,16.0,39.0,140.0,88.0,39.6,48.7,44.0,42.0,190.0,9.0,23.0,59.0,9,0,,,,,309419
Fargio Beldin,Cortov FC,Eredivisie,27,CM,1426,24,0,0,2.59,2.63,4.0,1.0,2.0,63.2,100.0,17.0,3.0,8.0,77.0,33.0,34.4,60.5,8.0,28.0,74.0,44.0,9.0,27.0,4,0,,,,,394300
Golmir Nevmir,Cortov FC,Eredivisie,19,LW,2557,29,2,0,3.0,1.0,118.0,46.0,10.0,67.9,133.0,50.0,33.0,10.0,133.0,94.0,65.4,62.6,33.0,41.0,217.0,91.0,33.0,26.0,7,0,,,,,1982162
Praos Arce,Cortov FC,Eredivisie,25,AM,2287,33,6,4,7.8,3.7,88.0,36.0,27.0,76.2,127.0,53.0,3.0,31.0,124.0,59.0,54.9,58.8,41.0,62.0,219.0,44.0,12.0,50.0,0,0,,,,,4920105
Rostov Elipel,Cortov FC,Eredivisie,25,CM,996,12,0,0,1.24,2.56,5.0,1.0,7.0,65.6,31.0,21.0,4.0,6.0,17.0,24.0,55.8,55.7,5.0,19.0,69.0,19.0,12.0,20.0,5,0,,,,,72792
Henmir Silfal,Cortov FC,Eredivisie,35,DM,714,12,0,0,1.26,0.79,3.0,0.0,19.0,72.5,89.0,50.0,6.0,5.0,7.0,9.0,45.1,55.9,14.0,30.0,66.0,13.0,1.0,17.0,1,0,,,,,22189291
Nevlan Morzar,Cortov FC,Eredivisie,28,ST,2634,42,5,3,5.55,3.49,118.0,49.0,38.0,82.4,168.0,63.0,5.0,20.0,58.0,111.0,63.0,53.9,52.0,51.0,115.0,17.0,32.0,41.0,0,0,,,,,1139793
Faric Corrin,Elice FC,Championship,27,GK,604,8,0,0,,,,,17.0,70.7,14.0,31.0,22.0,6.0,9.0,8.0,40.3,52.8,20.0,15.0,70.0,17.0,7.0,13.0,0,0,20.0,12.0,2.0,5.0,12206151
Kalic Henfal,Elice FC,Championship,23,GK,2331,36,0,0,,,,,7.0,90.3,73.0,74.0,41.0,2.0,9.0,87.0,39.6,45.2,14.0,23.0,210.0,66.0,23.0,38.0,7,0,123.0,55.0,7.0,16.0,1783353
Lunju Henhus,Elice FC,Championship,17,LW,2209,38,5,4,4.35,3.34,94.0,36.0,39.0,79.0,106.0,43.0,28.0,28.0,48.0,86.0,51.4,43.1,52.0,56.0,205.0,56.0,16.0,45.0,2,0,,,,,2530528
Aric Morlan,Elice FC,Championship,28,ST,780,11,3,2,3.3,1.41,18.0,8.0,12.0,69.3,30.0,11.0,2.0,9.0,15.0,15.0,57.5,61.2,14.0,31.0,71.0,25.0,7.0,16.0,3,0,,,,,13873194
Corgio Osthus,Elice FC,Championship,26,DM,1926,29,0,0,3.39,1.47,9.0,4.0,27.0,68.0,104.0,59.0,24.0,31.0,41.0,36.0,51.6,48.2,33.0,13.0,72.0,16.0,25.0,24.0,9,0,,,,,490941
Golhus Lunzar,Elice FC,Championship,27,CB,1416,19,1,1,0.97,2.94,8.0,2.0,15.0,76.1,134.0,59.0,8.0,15.0,14.0,9.0,48.7,64.2,12.0,12.0,85.0,33.0,6.0,20.0,0,1,,,,,6718291
Toros Morkov,Elice FC,Championship,26,AM,1415,21,5,4,4.78,4.19,37.0,17.0,9.0,93.4,38.0,37.0,30.0,15.0,71.0,36.0,58.7,53.8,40.0,23.0,149.0,55.0,17.0,12.0,6,0,,,,,11046180
Kalez Ivapel,Elice FC,Championship,25,CM,1890,29,2,3,1.84,2.24,24.0,7.0,12.0,93.4,144.0,48.0,33.0,24.0,80.0,26.0,68.2,48.0,31.0,38.0,145.0,27.0,15.0,45.0,3,0,,,,,14481974
Ostce Faric,Elice FC,Championship,21,CM,1232,16,1,0,1.23,1.57,20.0,9.0,21.0,84.2,98.0,22.0,22.0,14.0,43.0,21.0,66.1,63.8,36.0,37.0,84.0,53.0,13.0,8.0,2,0,,,,,18051063
Dannen Nevrin,Elice FC,Championship,25,CB,1162,19,1,2,1.68,0.81,18.0,3.0,35.0,79.4,145.0,62.0,41.0,14.0,26.0,21.0,56.5,55.6,35.0,30.0,150.0,47.0,14.0,20.0,0,0,,,,,13172244
Nevvic Silzar,Elice FC,Championship,21,AM,2486,41,1,1,1.62,1.13,107.0,38.0,20.0,85.7,132.0,88.0,59.0,26.0,54.0,35.0,63.4,47.0,53.0,52.0,136.0,22.0,31.0,35.0,6,0,,,,,1490460
Morfal Praju,Elice FC,Championship,25,CM,1748,27,0,0,0.26,0.51,18.0,4.0,10.0,80.3,80.0,28.0,34.0,5.0,51.0,19.0,39.3,61.8,39.0,44.0,112.0,70.0,13.0,15.0,6,0,,,,,1782662
Ardin Golkov,Elice FC,Championship,22,CB,1813,25,0,0,2.8,2.17,9.0,3.0,50.0,74.0,105.0,91.0,39.0,18.0,66.0,17.0,61.7,56.9,30.0,28.0,168.0,66.0,23.0,33.0,8,0,,,,,6685678
Kaltov Jorzar,Elice FC,Championship,25,DM,2454,30,0,0,1.19,4.25,36.0,11.0,6.0,76.2,81.0,20.0,16.0,22.0,71.0,20.0,64.4,43.9,39.0,38.0,154.0,17.0,10.0,44.0,0,0,,,,,2655864
Silfal Aric,Elice FC,Championship,27,CM,961,15,0,0,0.85,1.14,7.0,2.0,4.0,67.6,58.0,12.0,16.0,6.0,31.0,33.0,65.1,60.6,4.0,16.0,34.0,35.0,3.0,15.0,7,1,,,,,145253
Beltov Aric,Elice FC,Championship,28,CM,1028,13,0,0,1.28,1.6,16.0,5.0,30.0,91.1,49.0,65.0,17.0,6.0,18.0,36.0,35.1,55.4,24.0,32.0,99.0,36.0,10.0,18.0,2,0,,,,,17307797
Gollan Lunic,Elice FC,Championship,26,LW,2523,36,2,2,2.37,1.75,60.0,21.0,35.0,65.3,141.0,82.0,31.0,33.0,66.0,41.0,54.9,43.7,30.0,65.0,138.0,102.0,25.0,60.0,7,0,,,,,939719
Elice Ivatov,Elice FC,Championship,31,CM,1780,25,0,0,0.92,2.22,17.0,5.0,27.0,70.8,28.0,53.0,34.0,18.0,28.0,19.0,42.1,54.9,32.0,30.0,146.0,24.0,7.0,10.0,7,0,,,,,1036825
Elinen Kalez,Elice FC,Championship,25,CM,1041,13,0,0,1.7,0.44,7.0,2.0,20.0,87.6,58.0,23.0,33.0,13.0,11.0,17.0,54.3,42.7,8.0,10.0,118.0,15.0,13.0,12.0,5,0,,,,,4941845
Ivaez Quisen,Elice FC,Championship,20,LW,1902,25,6,3,8.67,5.16,89.0,26.0,52.0,86.8,206.0,20.0,71.0,24.0,72.0,9.0,64.1,48.1,21.0,60.0,256.0,69.0,19.0,30.0,9,0,,,,,14787884
Eliic Corgio,Elice FC,Championship,23,ST,1539,18,5,1,6.24,3.53,25.0,7.0,41.0,86.8,104.0,36.0,20.0,5.0,34.0,48.0,46.5,52.1,53.0,60.0,147.0,45.0,14.0,32.0,7,0,,,,,27073000
Elinen Morlan,Elice FC,Championship,30,CB,1152,18,0,1,0.62,1.49,19.0,7.0,35.0,72.4,87.0,15.0,13.0,12.0,50.0,36.0,54.5,63.7,32.0,14.0,68.0,39.0,9.0,26.0,7,0,,,,,15084421
Henkov Ivamir,Corzar FC,Championship,27,GK,1379,23,0,0,,,,,23.0,64.3,79.0,17.0,37.0,9.0,64.0,60.0,61.9,64.2,18.0,9.0,55.0,9.0,9.0,18.0,6,0,55.0,36.0,1.0,18.0,1651475
Belic Eligio,Corzar FC,Championship,25,GK,1794,23,0,0,,,,,22.0,79.1,88.0,24.0,8.0,11.0,110.0,39.0,55.4,49.4,26.0,46.0,121.0,48.0,10.0,38.0,0,0,65.0,36.0,1.0,9.0,2174620
Golvic Jorju,Corzar FC,Championship,24,DM,2664,34,1,3,0.39,4.94,22.0,6.0,18.0,76.9,255.0,46.0,68.0,36.0,46.0,118.0,54.3,50.3,22.0,45.0,112.0,20.0,12.0,36.0,8,0,,,,,2258333
Roszar Corkov,Corzar FC,Championship,24,LW,1644,23,2,1,3.38,1.95,70.0,38.0,7.0,69.5,26.0,58.0,11.0,4.0,69.0,69.0,58.1,45.7,26.0,16.0,53.0,36.0,10.0,8.0,8,0,,,,,1047674
Lunzar Ostrin,Corzar FC,Championship,20,CB,1994,26,2,3,1.67,5.13,14.0,3.0,34.0,89.1,60.0,22.0,41.0,20.0,85.0,27.0,36.7,46.8,61.0,51.0,223.0,73.0,4.0,37.0,1,0,,,,,10500911
Ivadin Golvic,Corzar FC,Championship,22,DM,2114,28,0,1,1.13,2.22,23.0,6.0,44.0,71.2,163.0,36.0,6.0,25.0,140.0,76.0,46.7,56.5,29.0,22.0,233.0,78.0,14.0,22.0,4,0,,,,,14010978
Farlan Morez,Corzar FC,Championship,29,LW,1490,21,6,5,6.78,3.82,64.0,32.0,32.0,66.2,37.0,78.0,51.0,17.0,90.0,52.0,40.6,62.8,12.0,51.0,92.0,27.0,10.0,16.0,0,0,,,,,8880088
Lunzar Joric,Corzar FC,Championship,31,LW,2185,26,3,2,3.78,1.76,37.0,11.0,42.0,82.2,99.0,104.0,22.0,15.0,52.0,86.0,55.8,44.2,21.0,54.0,173.0,85.0,14.0,17.0,1,0,,,,,1742897
Quidin Nevfal,Corzar FC,Championship,22,LW,2350,40,12,4,11.51,6.82,88.0,41.0,56.0,81.9,59.0,39.0,7.0,12.0,73.0,26.0,42.7,52.8,60.0,67.0,141.0,45.0,25.0,22.0,9,0,,,,,7577969
Belez Torgio,Corzar FC,Championship,17,ST,1152,20,0,0,0.77,0.57,54.0,16.0,7.0,79.0,44.0,10.0,23.0,16.0,33.0,6.0,57.0,55.6,8.0,19.0,88.0,8.0,5.0,24.0,7,0,,,,,2433381
Morlan Belic,Corzar FC,Championship,24,DM,1572,27,2,1,0.98,1.27,23.0,6.0,8.0,69.7,159.0,71.0,36.0,8.0,97.0,66.0,60.7,53.3,11.0,59.0,129.0,50.0,4.0,37.0,9,0,,,,,6950517
Lunpel Kalhus,Corzar FC,Championship,29,RB,1503,19,0,0,0.91,1.61,27.0,9.0,28.0,64.8,93.0,46.0,18.0,2.0,33.0,18.0,46.3,44.4,7.0,39.0,105.0,41.0,7.0,23.0,9,0,,,,,2649989
Morpel Nevgio,Corzar FC,Championship,22,CB,1215,16,0,0,2.1,1.4,9.0,2.0,13.0,70.3,27.0,54.0,35.0,15.0,66.0,18.0,35.9,62.0,40.0,15.0,128.0,36.0,4.0,10.0,0,0,,,,,18020650
Danos Kalzar,Corzar FC,Championship,25,CM,1186,14,0,1,1.8,2.75,23.0,8.0,3.0,75.9,41.0,27.0,30.0,14.0,77.0,50.0,60.6,62.2,22.0,17.0,63.0,47.0,6.0,13.0,4,0,,,,,1383437
Mormir Corgio,Corzar FC,Championship,27,CB,2258,35,0,1,4.25,5.69,23.0,7.0,21.0,72.2,160.0,106.0,42.0,32.0,133.0,43.0,31.0,49.2,27.0,43.0,205.0,98.0,13.0,27.0,7,0,,,,,4132073
Arhus Kalos,Corzar FC,Championship,23,RB,2928,35,3,4,5.79,3.22,14.0,5.0,29.0,92.9,243.0,25.0,80.0,36.0,173.0,63.0,66.2,66.0,42.0,61.0,284.0,83.0,5.0,44.0,3,0,,,,,21331475
Dantov Quice,Corzar FC,Championship,20,AM,2391,32,5,4,5.68,1.78,93.0,33.0,68.0,86.6,185.0,126.0,50.0,38.0,156.0,84.0,65.8,56.0,38.0,81.0,292.0,93.0,31.0,51.0,6,0,,,,,28754758
Torgio Nevba,Corzar FC,Championship,22,DM,1185,19,1,0,2.06,0.8,9.0,1.0,14.0,89.5,58.0,23.0,3.0,2.0,47.0,46.0,49.5,55.7,28.0,13.0,71.0,15.0,3.0,25.0,5,0,,,,,7251306
Corce Luntov,Corzar FC,Championship,22,DM,686,11,0,0,0.95,1.75,12.0,5.0,15.0,92.3,60.0,11.0,6.0,11.0,23.0,18.0,41.5,45.2,21.0,17.0,88.0,12.0,4.0,7.0,3,0,,,,,14534776
Arkov Eligio,Corzar FC,Championship,23,ST,2523,28,10,3,9.96,8.82,67.0,20.0,45.0,92.7,250.0,154.0,65.0,28.0,132.0,104.0,56.9,53.4,56.0,47.0,238.0,14.0,9.0,31.0,0,0,,,,,18335216
Fardin Jorzar,Corzar FC,Championship,22,ST,2586,41,3,2,3.44,3.07,109.0,46.0,34.0,86.7,128.0,24.0,45.0,40.0,142.0,48.0,33.5,42.9,41.0,55.0,156.0,112.0,9.0,63.0,7,0,,,,,2309383
Corce Danrin,Corzar FC,Championship,26,CM,2605,33,1,2,2.68,2.06,23.0,4.0,50.0,65.5,232.0,180.0,70.0,40.0,92.0,113.0,66.8,48.4,24.0,93.0,212.0,58.0,21.0,21.0,5,0,,,,,6791989
Jormir Henez,Kaltov FC,Championship,22,GK,373,4,0,0,,,,,6.0,83.2,19.0,8.0,14.0,2.0,14.0,7.0,59.0,47.5,12.0,8.0,26.0,5.0,4.0,9.0,2,0,10.0,6.0,0.0,1.0,17996903
Nevlan Kalez,Kaltov FC,Championship,21,GK,2256,29,0,0,,,,,32.0,89.8,139.0,74.0,68.0,3.0,46.0,17.0,51.6,57.8,32.0,50.0,177.0,54.0,22.0,13.0,0,0,87.0,28.0,9.0,33.0,5592926
Ostnen Elizar,Kaltov FC,Championship,28,LW,2090,35,2,1,1.84,1.91,86.0,33.0,36.0,65.1,127.0,31.0,7.0,25.0,100.0,77.0,62.9,49.9,18.0,22.0,123.0,90.0,25.0,44.0,1,0,,,,,1177809
Farce Belgio,Kaltov FC,Championship,25,LW,2514,29,2,1,2.88,1.71,63.0,27.0,29.0,78.7,51.0,37.0,33.0,29.0,134.0,89.0,67.4,40.7,39.0,20.0,131.0,29.0,23.0,13.0,5,0,,,,,720174
Rostov Torpel,Kaltov FC,Championship,22,CM,1424,17,0,1,0.24,0.72,20.0,4.0,36.0,69.4,122.0,21.0,50.0,17.0,33.0,30.0,42.1,64.7,36.0,50.0,71.0,45.0,16.0,18.0,5,0,,,,,18304177
Praba Henkov,Kaltov FC,Championship,28,LW,1794,23,2,1,3.07,1.6,66.0,24.0,19.0,63.6,87.0,9.0,46.0,24.0,49.0,63.0,59.5,43.1,35.0,10.0,114.0,65.0,11.0,11.0,8,0,,,,,1629482
Torlan Corrin,Kaltov FC,Championship,27,CB,432,6,0,0,0.09,0.88,6.0,1.0,9.0,89.2,35.0,13.0,7.0,4.0,13.0,15.0,50.4,53.9,10.0,8.0,34.0,2.0,5.0,2.0,8,0,,,,,4702848
Kaltov Elikov,Kaltov FC,Championship,19,DM,1352,17,0,0,1.12,0.71,16.0,3.0,33.0,89.3,85.0,76.0,30.0,22.0,58.0,14.0,34.3,63.4,36.0,43.0,131.0,56.0,15.0,16.0,6,0,,,,,13046284
Sillan Golsen,Kaltov FC,Championship,18,CM,1125,13,1,1,1.12,2.32,16.0,6.0,19.0,74.6,101.0,47.0,6.0,7.0,18.0,9.0,48.4,61.0,26.0,32.0,171.0,46.0,11.0,16.0,4,0,,,,,19638614
Nevvic Kalez,Kaltov FC,Championship,24,CB,2090,25,0,0,3.01,4.47,16.0,4.0,41.0,68.7,143.0,39.0,47.0,32.0,64.0,20.0,30.9,51.8,41.0,58.0,85.0,73.0,13.0,14.0,0,0,,,,,2160492
Roskov Coros,Kaltov FC,Championship,24,CM,1714,22,0,0,1.78,2.04,9.0,4.0,16.0,70.6,42.0,49.0,58.0,18.0,16.0,53.0,53.8,56.2,21.0,15.0,198.0,15.0,18.0,9.0,7,0,,,,,5396039
Golic Coric,Kaltov FC,Championship,23,AM,2288,31,13,8,15.35,12.12,92.0,25.0,37.0,91.1,111.0,166.0,95.0,17.0,147.0,42.0,38.4,46.6,42.0,92.0,254.0,31.0,5.0,30.0,5,0,,,,,16956615
Golnen Farfal,Kaltov FC,Championship,31,ST,2106,33,3,2,3.12,1.68,24.0,10.0,7.0,93.6,137.0,99.0,34.0,34.0,88.0,43.0,30.1,55.7,27.0,25.0,93.0,21.0,20.0,11.0,1,0,,,,,3271324
Lunpel Golsen,Kaltov FC,Championship,27,RB,1978,25,0,1,1.8,5.16,21.0,4.0,28.0,91.7,38.0,90.0,4.0,21.0,46.0,77.0,57.6,55.9,28.0,59.0,140.0,50.0,18.0,18.0,1,0,,,,,5462513
Ostic Arnen,Kaltov FC,Championship,21,ST,2210,28,8,3,8.71,3.77,85.0,37.0,41.0,87.9,94.0,31.0,29.0,13.0,138.0,94.0,60.5,53.1,40.0,30.0,248.0,31.0,23.0,43.0,9,0,,,,,20617994
Torfal Silrin,Kaltov FC,Championship,29,CM,2411,33,0,0,0.35,5.34,47.0,10.0,33.0,76.7,97.0,161.0,56.0,18.0,81.0,41.0,48.6,63.9,47.0,88.0,225.0,64.0,17.0,26.0,3,0,,,,,11474042
Elivic Roskov,Kaltov FC,Championship,22,ST,3162,51,16,11,16.56,10.83,114.0,36.0,81.0,75.0,316.0,219.0,68.0,50.0,26.0,24.0,61.6,49.5,81.0,31.0,383.0,95.0,20.0,26.0,6,0,,,,,11829249
Golvic Torju,Kaltov FC,Championship,24,CM,1410,18,0,0,0.51,3.78,7.0,2.0,19.0,65.0,22.0,47.0,29.0,13.0,52.0,46.0,65.1,45.3,14.0,8.0,47.0,34.0,10.0,18.0,3,0,,,,,352520
Nevdin Praez,Kaltov FC,Championship,24,DM,1941,27,3,2,1.54,4.74,18.0,5.0,52.0,71.8,47.0,50.0,43.0,26.0,85.0,57.0,38.5,55.2,19.0,63.0,257.0,82.0,18.0,17.0,1,0,,,,,12556126
Sildin Lunce,Kaltov FC,Championship,23,LW,1576,21,6,4,7.38,3.63,70.0,30.0,44.0,88.9,109.0,37.0,61.0,14.0,47.0,6.0,55.3,65.9,52.0,40.0,167.0,44.0,13.0,8.0,3,0,,,,,21844871
Kalju Jorgio,Kaltov FC,Championship,25,ST,2325,32,5,4,5.67,1.59,112.0,40.0,27.0,71.7,198.0,118.0,13.0,14.0,95.0,26.0,51.3,55.4,21.0,18.0,175.0,66.0,29.0,53.0,7,0,,,,,2397234
Lunpel Nevos,Kaltov FC,Championship,23,CM,2935,35,1,3,4.81,5.62,56.0,16.0,22.0,90.9,101.0,64.0,102.0,6.0,166.0,15.0,57.7,57.8,105.0,63.0,329.0,95.0,39.0,50.0,3,1,,,,,32321774
Rosba Praos,Silfal FC,Championship,25,GK,1657,20,0,0,,,,,16.0,91.5,34.0,48.0,26.0,9.0,67.0,19.0,35.6,57.6,27.0,37.0,100.0,16.0,21.0,20.0,3,0,90.0,19.0,3.0,24.0,639691
Kallan Lunce,Silfal FC,Championship,19,GK,1753,22,0,0,,,,,11.0,95.5,151.0,42.0,13.0,4.0,87.0,22.0,44.1,53.2,53.0,18.0,161.0,77.0,23.0,39.0,9,0,52.0,31.0,9.0,25.0,16073061
Morgio Belrin,Silfal FC,Championship,32,LW,2638,30,18,8,15.53,6.41,66.0,33.0,71.0,89.4,115.0,86.0,18.0,20.0,66.0,59.0,56.8,63.9,73.0,51.0,357.0,70.0,23.0,60.0,0,0,,,,,7032689
Jorhus Jortov,Silfal FC,Championship,32,CM,2691,38,0,1,3.92,2.64,12.0,5.0,65.0,71.2,84.0,114.0,16.0,15.0,7.0,111.0,64.9,51.7,33.0,40.0,292.0,20.0,27.0,54.0,9,0,,,,,6363204
Joros Danzar,Silfal FC,Championship,23,CM,1007,12,1,2,1.56,2.63,3.0,1.0,3.0,77.3,73.0,21.0,16.0,5.0,40.0,11.0,69.2,52.2,14.0,40.0,94.0,33.0,8.0,18.0,1,0,,,,,27067767
Sildin Ivatov,Silfal FC,Championship,26,CB,2157,27,3,0,3.32,5.54,31.0,13.0,49.0,75.3,146.0,75.0,14.0,30.0,137.0,41.0,47.3,65.4,35.0,51.0,164.0,78.0,4.0,43.0,0,0,,,,,12612619
Nevce Arhus,Silfal FC,Championship,20,LW,1594,20,2,0,2.46,1.74,38.0,9.0,20.0,82.8,48.0,50.0,35.0,7.0,69.0,66.0,48.2,57.1,21.0,38.0,125.0,14.0,3.0,12.0,0,0,,,,,1294184
Jorkov Lunlan,Silfal FC,Championship,23,CB,1739,27,1,0,2.65,1.44,16.0,7.0,18.0,75.0,88.0,83.0,20.0,9.0,116.0,33.0,32.1,47.2,22.0,21.0,185.0,72.0,14.0,8.0,0,0,,,,,6078740
Torvic Lunhus,Silfal FC,Championship,26,AM,2375,28,6,3,8.22,3.03,77.0,30.0,37.0,77.6,91.0,65.0,26.0,22.0,74.0,27.0,48.9,51.7,36.0,37.0,171.0,50.0,15.0,43.0,3,0,,,,,1159526
Nevdin Quiez,Silfal FC,Championship,30,AM,1646,25,2,0,1.81,1.81,34.0,12.0,8.0,75.4,77.0,45.0,25.0,12.0,59.0,22.0,61.7,47.1,16.0,18.0,119.0,72.0,21.0,10.0,9,0,,,,,670520
Quisen Argio,Silfal FC,Championship,24,ST,806,11,3,3,4.02,1.39,19.0,5.0,5.0,79.6,19.0,22.0,8.0,11.0,17.0,21.0,35.5,50.0,15.0,29.0,75.0,14.0,7.0,11.0,2,0,,,,,7307615
Morsen Morlan,Silfal FC,Championship,29,LW,1458,21,1,1,1.59,0.54,47.0,22.0,26.0,77.8,87.0,38.0,28.0,11.0,64.0,38.0,34.5,55.0,22.0,11.0,138.0,45.0,17.0,35.0,3,0,,,,,2031148
Beltov Jorhus,Silfal FC,Championship,22,CM,1188,18,0,1,0.64,0.9,7.0,1.0,11.0,74.5,148.0,87.0,50.0,10.0,14.0,6.0,65.5,52.1,18.0,42.0,140.0,33.0,3.0,9.0,1,0,,,,,23064020
Belic Belce,Silfal FC,Championship,22,CM,1877,29,1,1,3.06,5.14,14.0,4.0,45.0,70.5,72.0,67.0,42.0,26.0,115.0,78.0,67.2,59.0,17.0,18.0,202.0,5.0,11.0,13.0,7,0,,,,,7713752
Eliba Jorrin,Silfal FC,Championship,26,AM,2221,30,10,6,9.06,7.88,51.0,19.0,49.0,90.8,159.0,115.0,26.0,6.0,82.0,40.0,55.6,47.3,65.0,72.0,153.0,93.0,20.0,34.0,9,1,,,,,6591117
Roskov Cornen,Silfal FC,Championship,23,DM,3001,37,1,0,2.54,0.74,33.0,16.0,66.0,81.0,67.0,44.0,79.0,7.0,127.0,113.0,45.7,63.0,52.0,72.0,208.0,96.0,37.0,45.0,7,0,,,,,8794231
Quipel Faric,Silfal FC,Championship,17,RB,1522,17,1,0,2.57,3.81,23.0,10.0,27.0,95.1,44.0,57.0,52.0,17.0,89.0,9.0,58.5,48.2,39.0,46.0,144.0,29.0,15.0,36.0,4,0,,,,,18026322
Jorhus Morba,Silfal FC,Championship,18,LW,1069,15,4,3,4.3,1.94,29.0,12.0,22.0,88.0,32.0,64.0,3.0,15.0,24.0,32.0,35.2,62.7,9.0,15.0,107.0,39.0,7.0,17.0,6,0,,,,,7835279
Quilan Farsen,Silfal FC,Championship,22,AM,384,4,1,0,0.99,0.66,4.0,1.0,2.0,71.7,30.0,6.0,3.0,5.0,18.0,16.0,55.0,53.5,8.0,5.0,42.0,12.0,4.0,8.0,1,0,,,,,6036908
Eliez Farvic,Silfal FC,Championship,24,DM,1089,18,0,0,0.68,0.75,16.0,5.0,22.0,83.3,106.0,24.0,6.0,13.0,13.0,42.0,48.1,46.7,11.0,26.0,123.0,35.0,5.0,24.0,1,0,,,,,6476524
Belpel Hence,Silfal FC,Championship,17,ST,2616,30,5,2,4.98,3.48,94.0,39.0,31.0,83.2,112.0,158.0,58.0,28.0,43.0,94.0,49.4,61.4,15.0,27.0,190.0,84.0,5.0,57.0,5,0,,,,,8153960
Quifal Jorez,Silfal FC,Championship,32,AM,834,10,4,3,5.03,1.45,29.0,13.0,18.0,68.0,43.0,27.0,26.0,13.0,41.0,27.0,69.5,43.0,18.0,13.0,55.0,29.0,6.0,18.0,0,0,,,,,4189472
Kalez Arfal,Golsen FC,Championship,30,GK,2139,27,0,0,,,,,44.0,73.2,83.0,104.0,15.0,2.0,84.0,69.0,43.8,50.5,17.0,56.0,82.0,74.0,8.0,23.0,9,0,78.0,37.0,4.0,11.0,2983450
Tortov Arkov,Golsen FC,Championship,26,GK,1841,21,0,0,,,,,30.0,73.4,53.0,111.0,30.0,26.0,62.0,66.0,66.9,49.3,52.0,54.0,92.0,16.0,24.0,27.0,9,0,95.0,24.0,6.0,23.0,6556926
Fartov Golju,Golsen FC,Championship,25,CB,1892,24,0,0,3.06,2.56,16.0,3.0,21.0,83.6,49.0,18.0,5.0,28.0,16.0,50.0,44.3,56.2,35.0,12.0,80.0,64.0,23.0,45.0,0,0,,,,,1026102
Pragio Ivaju,Golsen FC,Championship,24,LW,2002,28,0,0,0.97,0.49,49.0,25.0,14.0,67.3,63.0,74.0,11.0,2.0,50.0,46.0,67.7,53.9,30.0,20.0,139.0,44.0,2.0,33.0,4,0,,,,,258482
Jorba Ostmir,Golsen FC,Championship,22,CB,1730,27,2,1,0.85,4.17,10.0,2.0,42.0,86.7,129.0,57.0,27.0,1.0,43.0,35.0,54.8,66.1,57.0,31.0,167.0,39.0,6.0,14.0,9,0,,,,,20955520
Quirin Elizar,Golsen FC,Championship,26,RB,1955,28,0,0,2.37,1.01,34.0,11.0,24.0,73.8,30.0,22.0,39.0,17.0,39.0,30.0,39.3,41.4,26.0,15.0,135.0,62.0,3.0,27.0,7,0,,,,,210808
Morsen Praez,Golsen FC,Championship,19,CM,1865,25,0,1,0.27,1.87,10.0,2.0,27.0,83.0,93.0,24.0,33.0,1.0,11.0,28.0,69.3,42.3,29.0,55.0,127.0,82.0,14.0,8.0,9,0,,,,,5051537
Lunpel Nevdin,Golsen FC,Championship,25,RB,1710,21,1,1,1.66,3.27,4.0,0.0,14.0,70.2,41.0,69.0,53.0,25.0,95.0,36.0,59.1,57.0,9.0,17.0,173.0,39.0,16.0,29.0,7,0,,,,,3188359
Quihus Rosez,Golsen FC,Championship,17,ST,2179,37,10,3,9.44,9.17,87.0,31.0,13.0,90.3,260.0,145.0,12.0,28.0,17.0,22.0,44.6,49.2,42.0,33.0,208.0,19.0,25.0,47.0,1,0,,,,,11487126
Morhus Kalkov,Golsen FC,Championship,24,LW,2116,38,11,8,11.44,8.86,68.0,28.0,67.0,78.2,250.0,126.0,74.0,3.0,88.0,42.0,64.7,58.3,24.0,74.0,147.0,53.0,18.0,38.0,0,0,,,,,8887143
Rosju Ivapel,Golsen FC,Championship,29,LW,773,10,1,0,1.4,1.01,22.0,7.0,11.0,73.9,56.0,16.0,17.0,9.0,15.0,8.0,57.9,41.1,11.0,18.0,48.0,5.0,7.0,13.0,3,0,,,,,1211777
Silfal Kalce,Golsen FC,Championship,25,RB,1947,21,1,0,2.51,4.05,34.0,8.0,26.0,67.6,47.0,29.0,75.0,4.0,67.0,67.0,62.3,51.0,54.0,61.0,170.0,82.0,9.0,43.0,5,0,,,,,20053503
Farrin Lunsen,Golsen FC,Championship,21,CM,2091,31,1,1,1.75,2.44,21.0,5.0,11.0,84.7,221.0,114.0,48.0,30.0,130.0,52.0,46.1,60.4,41.0,32.0,156.0,41.0,4.0,27.0,1,0,,,,,7920298
Danvic Kalrin,Golsen FC,Championship,31,RB,2643,39,1,2,4.44,3.63,44.0,10.0,71.0,79.3,194.0,113.0,93.0,15.0,7.0,83.0,33.2,54.2,46.0,80.0,134.0,19.0,12.0,26.0,3,0,,,,,3684473
Morvic Rosba,Golsen FC,Championship,28,CB,2886,36,0,2,1.54,4.04,6.0,2.0,23.0,66.6,127.0,56.0,36.0,40.0,89.0,18.0,42.8,46.6,40.0,32.0,249.0,62.0,37.0,41.0,7,0,,,,,3968951
Nevfal Moric,Golsen FC,Championship,20,CM,1757,27,1,1,1.22,4.79,12.0,3.0,10.0,84.3,141.0,76.0,11.0,5.0,111.0,44.0,56.5,57.0,42.0,23.0,94.0,22.0,5.0,28.0,2,1,,,,,6357701
Torvic Farez,Golsen FC,Championship,21,RB,1709,24,0,0,0.49,4.49,10.0,4.0,20.0,71.9,62.0,72.0,21.0,10.0,27.0,33.0,36.4,42.3,30.0,30.0,145.0,41.0,8.0,40.0,8,0,,,,,1225647
Farhus Arez,Golsen FC,Championship,19,CB,2067,28,0,0,4.02,3.64,21.0,8.0,40.0,94.2,148.0,26.0,35.0,4.0,98.0,83.0,33.4,52.7,28.0,46.0,246.0,53.0,11.0,35.0,9,0,,,,,16066879
Golkov Lunvic,Golsen FC,Championship,35,AM,2688,47,5,2,6.92,4.65,30.0,10.0,15.0,72.1,160.0,32.0,22.0,30.0,165.0,87.0,52.8,42.4,43.0,21.0,119.0,56.0,18.0,65.0,6,0,,,,,1551705
Nevhus Elilan,Golsen FC,Championship,26,CM,1530,21,1,2,2.52,2.86,3.0,0.0,17.0,85.3,34.0,51.0,28.0,20.0,37.0,43.0,34.4,61.7,50.0,48.0,123.0,32.0,9.0,23.0,2,0,,,,,3723716
Silmir Ardin,Golsen FC,Championship,18,RB,2495,31,0,2,3.36,2.89,5.0,1.0,47.0,81.3,163.0,136.0,32.0,8.0,59.0,108.0,35.9,45.1,55.0,75.0,189.0,26.0,23.0,20.0,5,0,,,,,7865749
Quipel Rosju,Golsen FC,Championship,22,RB,2555,43,1,3,1.88,5.76,36.0,12.0,41.0,90.8,176.0,32.0,90.0,11.0,30.0,105.0,30.6,50.5,21.0,71.0,219.0,49.0,3.0,46.0,9,0,,,,,18228980
Nevkov Belju,Corvic FC,Championship,19,GK,1561,20,0,0,,,,,7.0,90.0,39.0,35.0,6.0,24.0,49.0,16.0,52.7,54.4,22.0,40.0,91.0,37.0,2.0,30.0,3,0,45.0,37.0,4.0,12.0,6527329
Farlan Golju,Corvic FC,Championship,17,GK,1051,17,0,0,,,,,4.0,68.4,29.0,37.0,7.0,11.0,18.0,22.0,33.8,57.2,23.0,29.0,115.0,14.0,12.0,22.0,9,0,35.0,12.0,4.0,3.0,8061986
Elipel Silgio,Corvic FC,Championship,18,LW,1574,18,4,3,3.71,2.08,46.0,23.0,30.0,75.9,158.0,39.0,6.0,22.0,10.0,5.0,41.7,56.5,50.0,35.0,131.0,16.0,2.0,30.0,5,0,,,,,14285970
Corju Lunic,Corvic FC,Championship,20,DM,2173,36,1,0,2.76,0.99,10.0,3.0,5.0,84.4,87.0,77.0,60.0,23.0,86.0,30.0,37.3,58.0,15.0,64.0,124.0,35.0,8.0,46.0,9,1,,,,,4026302
Ostlan Quivic,Corvic FC,Championship,22,ST,2860,38,5,4,7.06,4.05,84.0,42.0,41.0,86.2,150.0,107.0,52.0,23.0,48.0,99.0,56.9,59.6,38.0,97.0,146.0,28.0,24.0,37.0,7,0,,,,,12988843
Coric Nevos,Corvic FC,Championship,23,CB,1825,21,0,3,1.96,1.38,8.0,1.0,28.0,78.8,68.0,97.0,21.0,9.0,68.0,37.0,41.0,59.0,20.0,20.0,123.0,68.0,17.0,15.0,0,0,,,,,21923528
Eliju Golce,Corvic FC,Championship,31,ST,1623,21,7,4,6.52,5.47,44.0,12.0,45.0,81.3,50.0,95.0,53.0,17.0,80.0,63.0,42.9,66.9,13.0,39.0,131.0,38.0,2.0,13.0,8,0,,,,,24743139
Prafal Ostkov,Corvic FC,Championship,20,ST,1490,17,3,1,3.23,2.29,46.0,20.0,25.0,81.8,81.0,59.0,5.0,24.0,95.0,58.0,58.8,60.8,20.0,24.0,67.0,37.0,16.0,33.0,9,0,,,,,3246259
Rosvic Praez,Corvic FC,Championship,26,AM,2129,28,5,2,4.96,2.34,60.0,18.0,9.0,81.4,143.0,28.0,21.0,19.0,36.0,47.0,40.1,50.2,37.0,37.0,172.0,72.0,27.0,41.0,5,0,,,,,3095696
Henos Faric,Corvic FC,Championship,28,ST,1825,23,9,7,7.86,4.67,79.0,28.0,49.0,66.8,101.0,124.0,28.0,9.0,105.0,41.0,69.5,61.4,26.0,78.0,226.0,30.0,17.0,39.0,7,0,,,,,15322817
Farkov Danpel,Corvic FC,Championship,21,RB,2177,31,2,1,3.28,0.62,28.0,13.0,23.0,74.3,202.0,127.0,76.0,25.0,37.0,50.0,63.9,44.6,17.0,64.0,198.0,71.0,28.0,21.0,2,0,,,,,26111007
Torlan Danvic,Corvic FC,Championship,24,RB,945,15,0,0,1.36,2.47,8.0,3.0,9.0,78.0,65.0,14.0,16.0,3.0,58.0,33.0,47.0,40.6,10.0,12.0,56.0,41.0,11.0,16.0,7,0,,,,,1522872
Torlan Corkov,Corvic FC,Championship,31,CM,1655,23,0,0,3.17,1.25,14.0,3.0,18.0,90.6,44.0,20.0,35.0,15.0,44.0,17.0,53.8,46.1,35.0,11.0,67.0,70.0,6.0,39.0,8,0,,,,,663492
Nevgio Ivatov,Corvic FC,Championship,33,RB,2141,28,0,0,0.71,4.06,23.0,6.0,26.0,82.0,73.0,24.0,31.0,34.0,11.0,32.0,67.9,45.8,52.0,37.0,89.0,82.0,17.0,25.0,9,0,,,,,2049217
Fardin Rosmir,Corvic FC,Championship,19,AM,2093,24,6,3,8.18,5.22,96.0,43.0,39.0,77.7,112.0,83.0,27.0,4.0,29.0,77.0,61.9,59.5,35.0,50.0,155.0,7.0,10.0,12.0,1,0,,,,,6085710
Corkov Kaltov,Corvic FC,Championship,21,LW,1645,25,6,5,6.81,3.66,62.0,29.0,35.0,85.1,45.0,22.0,42.0,27.0,71.0,23.0,34.3,48.5,8.0,48.0,141.0,27.0,21.0,20.0,6,0,,,,,2780181
Cornen Joric,Corvic FC,Championship,20,ST,2487,33,5,2,5.02,2.95,74.0,26.0,33.0,67.6,168.0,138.0,52.0,1.0,35.0,67.0,30.7,42.5,65.0,35.0,268.0,96.0,28.0,17.0,5,0,,,,,8240344
Belhus Torhus,Corvic FC,Championship,20,AM,725,9,1,1,1.42,0.62,28.0,10.0,1.0,77.1,30.0,14.0,15.0,7.0,38.0,5.0,57.3,50.0,7.0,12.0,23.0,29.0,8.0,15.0,9,0,,,,,2762268
Silpel Jorez,Corvic FC,Championship,24,AM,1480,16,4,3,3.66,2.48,36.0,12.0,28.0,86.5,60.0,28.0,38.0,11.0,98.0,34.0,30.9,65.9,23.0,34.0,191.0,31.0,11.0,21.0,8,0,,,,,10338878
Arba Kaltov,Corvic FC,Championship,28,RB,1701,20,0,0,2.09,2.29,9.0,2.0,7.0,86.4,23.0,12.0,6.0,11.0,59.0,39.0,46.8,58.7,27.0,18.0,78.0,18.0,13.0,26.0,6,0,,,,,878438
Silmir Belvic,Corvic FC,Championship,21,CM,1251,14,0,0,0.85,1.47,11.0,2.0,6.0,74.8,101.0,54.0,11.0,5.0,36.0,39.0,62.5,53.2,31.0,27.0,103.0,43.0,7.0,11.0,1,0,,,,,10509760
Lunce Aros,Corvic FC,Championship,32,ST,2298,41,10,9,8.92,5.94,64.0,32.0,59.0,65.9,83.0,49.0,41.0,2.0,100.0,71.0,36.8,48.8,17.0,75.0,134.0,46.0,13.0,11.0,1,0,,,,,4242602
Ivanen Arvic,Praez FC,Championship,31,GK,2548,28,0,0,,,,,58.0,80.1,146.0,89.0,33.0,20.0,34.0,72.0,57.5,59.7,24.0,78.0,297.0,87.0,10.0,30.0,3,0,75.0,52.0,14.0,5.0,14672049
Praju Dansen,Praez FC,Championship,25,GK,1253,14,0,0,,,,,19.0,82.1,66.0,72.0,17.0,12.0,10.0,14.0,32.6,48.7,16.0,18.0,101.0,10.0,5.0,27.0,3,0,57.0,14.0,5.0,8.0,27245124
Prafal Praju,Praez FC,Championship,22,AM,1779,20,5,2,5.3,3.99,56.0,21.0,41.0,87.0,142.0,129.0,6.0,14.0,68.0,49.0,65.6,59.8,60.0,31.0,245.0,19.0,2.0,22.0,5,1,,,,,8749923
Mordin Lundin,Praez FC,Championship,24,CM,1749,20,0,0,2.17,3.18,6.0,1.0,12.0,91.3,106.0,28.0,22.0,9.0,45.0,31.0,53.6,57.2,16.0,15.0,151.0,24.0,23.0,24.0,5,0,,,,,1612650
Corkov Corkov,Praez FC,Championship,20,RB,2214,25,1,3,1.38,5.07,24.0,10.0,17.0,78.7,163.0,48.0,53.0,10.0,17.0,79.0,54.8,44.7,21.0,47.0,188.0,20.0,12.0,46.0,0,0,,,,,9782594
Elifal Jorgio,Praez FC,Championship,27,CM,2900,51,2,1,2.54,8.01,55.0,24.0,47.0,75.5,76.0,46.0,47.0,19.0,96.0,55.0,65.8,63.1,35.0,64.0,206.0,73.0,28.0,26.0,5,0,,,,,5442387
Lunic Morpel,Praez FC,Championship,24,CM,531,5,0,0,0.43,0.53,2.0,0.0,8.0,89.0,20.0,17.0,5.0,7.0,11.0,8.0,42.4,52.1,9.0,6.0,30.0,21.0,5.0,3.0,9,0,,,,,1703514
Nevkov Kalmir,Praez FC,Championship,35,RB,3103,36,1,2,5.86,2.89,61.0,22.0,22.0,76.6,161.0,168.0,10.0,26.0,66.0,102.0,69.3,52.5,45.0,92.0,339.0,63.0,5.0,60.0,4,0,,,,,3674082
Golvic Arez,Praez FC,Championship,32,CM,1699,20,0,0,0.9,2.63,33.0,6.0,3.0,72.6,31.0,53.0,32.0,14.0,97.0,69.0,39.0,53.0,30.0,11.0,79.0,48.0,6.0,23.0,5,0,,,,,1248917
Elidin Ostdin,Praez FC,Championship,23,RB,2191,33,2,1,2.1,2.55,16.0,5.0,32.0,86.8,52.0,146.0,53.0,5.0,132.0,74.0,56.3,56.9,59.0,51.0,250.0,61.0,12.0,43.0,2,0,,,,,32899692
Danlan Arfal,Praez FC,Championship,26,AM,955,16,4,3,5.14,2.27,20.0,6.0,5.0,92.9,32.0,71.0,12.0,13.0,38.0,15.0,52.7,60.9,27.0,10.0,133.0,41.0,4.0,6.0,5,0,,,,,10396879
Kalfal Ostvic,Praez FC,Championship,30,RB,2525,31,0,0,1.16,3.94,20.0,4.0,20.0,75.9,79.0,16.0,4.0,35.0,126.0,112.0,44.7,62.9,20.0,43.0,204.0,60.0,14.0,18.0,2,0,,,,,209727
Morzar Morba,Praez FC,Championship,28,LW,2424,28,5,3,4.68,3.1,88.0,44.0,44.0,85.8,143.0,127.0,32.0,23.0,71.0,26.0,50.7,49.7,53.0,52.0,222.0,13.0,32.0,19.0,7,0,,,,,5327749
Kalvic Henmir,Praez FC,Championship,23,ST,2160,27,5,3,5.76,4.64,72.0,37.0,20.0,83.3,89.0,31.0,27.0,8.0,37.0,17.0,39.5,49.1,50.0,23.0,205.0,94.0,5.0,14.0,4,0,,,,,4057219
Silnen Danvic,Praez FC,Championship,25,LW,1088,16,1,1,1.93,0.68,47.0,12.0,10.0,67.8,38.0,38.0,16.0,4.0,12.0,10.0,44.4,63.5,9.0,24.0,69.0,41.0,13.0,9.0,3,0,,,,,830143
Corce Prazar,Praez FC,Championship,22,DM,1652,19,0,0,0.66,2.0,11.0,5.0,5.0,82.8,73.0,13.0,10.0,18.0,6.0,67.0,30.8,56.3,11.0,27.0,82.0,4.0,8.0,14.0,2,0,,,,,379011
Silic Golgio,Praez FC,Championship,31,RB,2176,39,0,2,1.54,3.46,43.0,18.0,14.0,66.7,65.0,29.0,18.0,12.0,52.0,92.0,56.8,53.5,13.0,46.0,96.0,11.0,13.0,47.0,6,0,,,,,6506487
Praju Golkov,Praez FC,Championship,19,DM,1646,20,0,0,1.05,2.03,28.0,11.0,6.0,70.8,33.0,71.0,8.0,5.0,6.0,19.0,45.3,50.9,12.0,34.0,148.0,22.0,18.0,22.0,7,0,,,,,1733077
Faros Arju,Praez FC,Championship,29,RB,2027,23,0,2,0.48,1.14,18.0,5.0,8.0,78.3,50.0,90.0,21.0,31.0,20.0,34.0,46.5,50.6,13.0,32.0,198.0,13.0,10.0,40.0,9,0,,,,,2310294
Morju Ivace,Praez FC,Championship,24,DM,1809,32,0,1,3.06,3.61,22.0,4.0,27.0,88.1,97.0,67.0,42.0,29.0,36.0,33.0,52.4,43.7,13.0,17.0,210.0,35.0,9.0,38.0,0,0,,,,,2542406
Ivaos Silvic,Praez FC,Championship,29,RB,1016,15,0,0,1.16,0.54,18.0,8.0,14.0,66.6,78.0,29.0,21.0,13.0,34.0,29.0,45.4,48.0,22.0,15.0,76.0,21.0,2.0,16.0,0,0,,,,,2169566
Henfal Prakov,Praez FC,Championship,20,AM,2509,41,1,0,1.46,1.04,37.0,14.0,16.0,89.2,116.0,31.0,31.0,9.0,31.0,41.0,59.2,57.0,11.0,39.0,198.0,42.0,22.0,12.0,3,0,,,,,746184
Golez Nevzar,Elihus FC,Championship,23,GK,1905,28,0,0,,,,,12.0,71.0,45.0,114.0,51.0,8.0,65.0,24.0,56.0,50.9,22.0,74.0,266.0,34.0,18.0,31.0,7,2,93.0,26.0,13.0,29.0,14429708
Jorzar Rostov,Elihus FC,Championship,25,GK,2342,28,0,0,,,,,16.0,84.8,282.0,143.0,111.0,8.0,50.0,104.0,62.6,48.6,80.0,61.0,256.0,44.0,18.0,51.0,3,0,51.0,37.0,2.0,37.0,24553432
Roslan Henkov,Elihus FC,Championship,25,LW,1146,12,3,3,3.04,1.24,37.0,10.0,5.0,75.6,133.0,51.0,11.0,2.0,4.0,34.0,63.4,49.8,31.0,40.0,85.0,27.0,1.0,21.0,4,0,,,,,18103944
Nevnen Silzar,Elihus FC,Championship,22,DM,2737,30,3,0,4.45,6.29,47.0,11.0,68.0,86.0,108.0,166.0,16.0,9.0,104.0,73.0,58.6,66.3,99.0,107.0,311.0,64.0,9.0,16.0,0,0,,,,,26456152
Sillan Ivakov,Elihus FC,Championship,21,AM,2401,26,18,8,20.4,9.97,75.0,39.0,39.0,89.4,306.0,190.0,74.0,24.0,102.0,85.0,50.3,52.2,40.0,73.0,347.0,41.0,21.0,24.0,7,0,,,,,12985010
Nevlan Rostov,Elihus FC,Championship,19,RB,1619,25,0,0,2.4,4.11,7.0,2.0,16.0,75.8,123.0,31.0,22.0,4.0,103.0,39.0,33.0,40.7,15.0,21.0,137.0,41.0,17.0,39.0,4,0,,,,,1892844
Elilan Prazar,Elihus FC,Championship,20,AM,2236,27,3,1,3.96,3.11,38.0,17.0,16.0,89.7,96.0,49.0,27.0,5.0,88.0,9.0,42.5,43.5,29.0,19.0,210.0,23.0,3.0,20.0,6,0,,,,,3835612
Lunnen Kalrin,Elihus FC,Championship,29,DM,2604,37,1,1,3.78,1.79,30.0,10.0,50.0,64.8,69.0,36.0,50.0,41.0,158.0,104.0,48.7,59.9,45.0,25.0,193.0,55.0,24.0,57.0,9,0,,,,,2153273
Silvic Golvic,Elihus FC,Championship,21,ST,1690,19,0,0,0.78,0.49,20.0,8.0,10.0,82.5,42.0,41.0,30.0,13.0,27.0,36.0,68.0,45.5,16.0,12.0,99.0,63.0,22.0,36.0,6,0,,,,,145331
Golpel Elilan,Elihus FC,Championship,27,ST,1395,15,10,8,10.8,5.48,36.0,14.0,33.0,74.7,117.0,87.0,37.0,18.0,93.0,44.0,51.1,68.8,16.0,29.0,172.0,46.0,8.0,21.0,4,0,,,,,12387615
Danju Arlan,Elihus FC,Championship,21,LW,1535,18,3,2,3.63,3.2,17.0,8.0,15.0,78.9,101.0,48.0,53.0,18.0,46.0,20.0,59.0,53.2,13.0,50.0,104.0,9.0,7.0,18.0,1,0,,,,,22424744
Henic Dankov,Elihus FC,Championship,27,AM,2638,33,17,8,20.74,11.03,58.0,15.0,72.0,92.4,213.0,42.0,112.0,36.0,62.0,99.0,33.3,50.6,44.0,91.0,184.0,22.0,22.0,21.0,3,0,,,,,9159909
Kalju Arce,Elihus FC,Championship,26,AM,1949,26,6,3,6.31,4.68,42.0,13.0,43.0,73.6,133.0,48.0,39.0,19.0,19.0,79.0,60.4,48.8,12.0,37.0,231.0,58.0,16.0,47.0,6,0,,,,,3842466
Arce Dangio,Elihus FC,Championship,21,ST,1060,12,2,2,2.21,1.46,13.0,6.0,21.0,86.3,55.0,38.0,19.0,6.0,69.0,43.0,44.3,44.4,7.0,14.0,64.0,31.0,8.0,11.0,7,0,,,,,3950272
Rosju Morzar,Elihus FC,Championship,27,DM,2629,40,0,0,1.48,4.04,42.0,10.0,33.0,83.5,63.0,121.0,66.0,26.0,139.0,35.0,45.3,57.7,19.0,49.0,150.0,78.0,20.0,42.0,8,0,,,,,2783334
Jorkov Golez,Elihus FC,Championship,23,LW,2012,32,5,3,6.41,5.03,83.0,40.0,18.0,78.4,90.0,87.0,35.0,18.0,88.0,56.0,53.0,49.2,40.0,24.0,103.0,81.0,20.0,19.0,6,0,,,,,1821088
Elios Nevsen,Elihus FC,Championship,30,CB,1494,16,0,0,1.15,2.25,28.0,12.0,5.0,80.0,159.0,12.0,14.0,18.0,84.0,9.0,44.8,49.2,19.0,27.0,230.0,26.0,15.0,29.0,6,0,,,,,16371557
Eliic Silsen,Elihus FC,Championship,19,CM,1461,25,1,0,0.91,2.31,10.0,3.0,32.0,84.2,70.0,16.0,16.0,7.0,39.0,12.0,38.5,54.7,35.0,38.0,170.0,58.0,15.0,25.0,3,1,,,,,9089522
Torju Armir,Elihus FC,Championship,24,ST,1579,22,1,0,2.31,1.64,72.0,36.0,32.0,86.8,87.0,82.0,44.0,3.0,81.0,25.0,37.6,46.5,22.0,18.0,74.0,10.0,7.0,32.0,1,0,,,,,3244700
Nevba Quirin,Elihus FC,Championship,22,LW,1764,29,4,2,3.6,3.73,78.0,25.0,5.0,68.4,77.0,70.0,31.0,25.0,110.0,22.0,45.7,58.3,17.0,46.0,135.0,9.0,13.0,10.0,7,0,,,,,1195906
Tortov Cortov,Elihus FC,Championship,30,CM,2153,35,3,3,2.38,1.39,32.0,7.0,47.0,66.7,208.0,31.0,68.0,17.0,45.0,67.0,57.0,57.8,22.0,74.0,146.0,65.0,23.0,11.0,6,0,,,,,6425310
Pradin Ivafal,Elihus FC,Championship,27,CB,874,10,0,1,1.33,1.56,12.0,3.0,4.0,89.4,68.0,48.0,38.0,5.0,19.0,7.0,32.6,67.0,29.0,34.0,84.0,35.0,8.0,11.0,2,0,,,,,9641200
Arkov Silkov,Corzar FC,Championship,24,GK,1565,27,0,0,,,,,10.0,80.3,78.0,99.0,18.0,7.0,12.0,41.0,32.0,52.4,22.0,46.0,158.0,25.0,15.0,8.0,8,0,65.0,16.0,11.0,7.0,4030413
Arba Silic,Corzar FC,Championship,23,GK,1364,16,0,0,,,,,14.0,76.3,80.0,30.0,2.0,11.0,77.0,30.0,50.6,49.0,23.0,14.0,99.0,55.0,18.0,11.0,7,0,41.0,18.0,3.0,12.0,5218131
Pravic Lungio,Corzar FC,Championship,17,LW,955,11,1,0,1.33,0.71,25.0,10.0,19.0,66.1,37.0,53.0,5.0,2.0,62.0,27.0,53.8,48.0,14.0,7.0,39.0,7.0,10.0,23.0,3,1,,,,,6111795
Rosic Rossen,Corzar FC,Championship,18,AM,1618,18,1,0,1.0,0.56,27.0,11.0,7.0,83.8,48.0,34.0,18.0,23.0,77.0,29.0,45.1,40.5,16.0,31.0,80.0,10.0,18.0,12.0,1,0,,,,,1171538
Ostfal Morfal,Corzar FC,Championship,31,DM,3080,55,2,1,4.0,5.02,25.0,11.0,76.0,86.1,215.0,92.0,103.0,31.0,184.0,123.0,41.4,56.4,89.0,96.0,339.0,7.0,36.0,58.0,3,0,,,,,3864071
Golrin Elikov,Corzar FC,Championship,32,AM,533,6,0,0,0.81,0.43,14.0,4.0,8.0,71.9,9.0,25.0,8.0,7.0,26.0,23.0,59.6,44.2,4.0,4.0,44.0,6.0,2.0,8.0,7,0,,,,,2603914
Jorsen Henos,Corzar FC,Championship,21,DM,1690,19,0,0,0.64,1.79,33.0,14.0,9.0,87.8,35.0,62.0,22.0,21.0,105.0,43.0,51.3,42.6,20.0,27.0,92.0,36.0,17.0,36.0,7,0,,,,,859306
Belkov Silic,Corzar FC,Championship,21,DM,1429,17,0,1,1.27,1.25,20.0,6.0,30.0,74.9,149.0,57.0,42.0,5.0,58.0,55.0,41.1,48.3,18.0,55.0,149.0,48.0,17.0,30.0,6,0,,,,,10428864
Silhus Elitov,Corzar FC,Championship,27,AM,2208,27,4,2,3.75,1.89,44.0,14.0,18.0,68.1,158.0,56.0,37.0,27.0,7.0,54.0,48.3,52.5,11.0,39.0,138.0,26.0,4.0,38.0,3,0,,,,,2254148
Ostnen Silfal,Corzar FC,Championship,30,AM,1809,27,8,4,9.92,6.84,33.0,9.0,46.0,84.2,88.0,49.0,39.0,7.0,38.0,32.0,66.6,53.1,59.0,17.0,202.0,64.0,10.0,17.0,7,0,,,,,15055168
Aric Gollan,Corzar FC,Championship,24,RB,1810,24,0,0,0.98,2.24,15.0,3.0,13.0,78.8,85.0,71.0,32.0,3.0,8.0,75.0,54.9,60.4,43.0,39.0,151.0,12.0,16.0,15.0,0,0,,,,,2361303
Ivakov Nevnen,Corzar FC,Championship,20,LW,749,8,2,1,2.33,1.41,33.0,14.0,3.0,79.7,16.0,8.0,24.0,10.0,6.0,11.0,56.4,52.4,12.0,19.0,46.0,33.0,1.0,15.0,3,0,,,,,9882543
Prasen Farlan,Corzar FC,Championship,27,DM,1352,19,1,1,0.33,1.49,11.0,5.0,6.0,89.4,55.0,79.0,9.0,10.0,13.0,33.0,58.9,44.1,29.0,11.0,110.0,31.0,3.0,18.0,4,0,,,,,11741843
Quizar Silba,Corzar FC,Championship,22,CB,1487,26,0,0,1.92,4.08,12.0,3.0,6.0,82.8,21.0,44.0,8.0,18.0,32.0,18.0,62.8,48.0,14.0,22.0,105.0,60.0,20.0,28.0,0,0,,,,,669723
Torce Torkov,Corzar FC,Championship,30,DM,1231,17,0,0,1.97,1.88,2.0,0.0,3.0,73.6,55.0,60.0,2.0,3.0,33.0,18.0,56.4,53.1,23.0,32.0,113.0,7.0,6.0,12.0,9,0,,,,,1029025
Sillan Quizar,Corzar FC,Championship,24,LW,2083,29,4,3,3.99,3.43,84.0,42.0,20.0,93.6,37.0,48.0,46.0,26.0,114.0,62.0,50.4,41.5,49.0,64.0,105.0,71.0,4.0,33.0,8,0,,,,,2074687
Dandin Ardin,Corzar FC,Championship,29,RB,1251,14,0,1,0.86,2.99,14.0,3.0,15.0,91.7,65.0,63.0,20.0,7.0,52.0,39.0,61.4,60.0,15.0,33.0,104.0,43.0,5.0,25.0,4,0,,,,,1300006
Silez Corhus,Corzar FC,Championship,28,RB,1231,15,0,0,0.5,2.15,16.0,6.0,8.0,66.1,25.0,36.0,12.0,3.0,25.0,45.0,63.6,59.1,9.0,16.0,39.0,25.0,11.0,11.0,6,0,,,,,179390
Jordin Jorez,Corzar FC,Championship,26,AM,688,8,1,0,1.48,0.57,8.0,2.0,12.0,66.9,34.0,42.0,13.0,5.0,10.0,16.0,52.1,48.8,14.0,18.0,70.0,19.0,8.0,10.0,9,0,,,,,7014546
Lunnen Farfal,Corzar FC,Championship,26,AM,2303,38,13,10,10.91,9.21,80.0,31.0,66.0,73.9,294.0,23.0,105.0,27.0,17.0,29.0,36.8,46.9,81.0,63.0,364.0,31.0,11.0,31.0,0,0,,,,,14461739
Golez Silju,Corzar FC,Championship,22,AM,2674,33,1,0,1.47,1.07,32.0,10.0,14.0,78.3,37.0,68.0,33.0,15.0,90.0,74.0,50.5,49.5,10.0,24.0,146.0,63.0,15.0,14.0,8,0,,,,,205926
Henfal Eliez,Corzar FC,Championship,21,CB,2433,33,1,4,3.94,5.53,15.0,4.0,17.0,94.3,95.0,49.0,24.0,21.0,95.0,54.0,48.6,47.5,43.0,20.0,250.0,32.0,16.0,36.0,7,0,,,,,20541449
Lundin Elidin,Farsen FC,Championship,18,GK,890,11,0,0,,,,,10.0,90.2,52.0,5.0,17.0,2.0,44.0,19.0,37.5,58.2,7.0,9.0,94.0,15.0,3.0,16.0,8,0,41.0,19.0,1.0,8.0,6806802
Arnen Kalgio,Farsen FC,Championship,21,GK,1298,19,0,0,,,,,19.0,89.1,99.0,26.0,33.0,2.0,73.0,37.0,35.2,65.2,8.0,24.0,65.0,26.0,4.0,22.0,5,0,47.0,32.0,6.0,16.0,3078755
Quifal Rostov,Farsen FC,Championship,26,LW,1477,22,2,1,1.93,1.56,18.0,4.0,4.0,91.3,86.0,20.0,3.0,14.0,38.0,6.0,60.7,55.6,20.0,19.0,119.0,34.0,19.0,11.0,4,0,,,,,1689133
Belgio Henju,Farsen FC,Championship,20,ST,2646,37,3,2,4.6,2.11,68.0,19.0,9.0,74.9,54.0,100.0,5.0,36.0,54.0,49.0,31.4,49.1,30.0,60.0,126.0,81.0,32.0,19.0,9,0,,,,,3006812
Golsen Belju,Farsen FC,Championship,24,CB,1389,21,0,1,1.59,1.15,14.0,3.0,14.0,80.5,105.0,13.0,28.0,11.0,40.0,57.0,48.7,42.2,17.0,17.0,50.0,17.0,4.0,16.0,2,1,,,,,1247615
Golmir Cortov,Farsen FC,Championship,17,AM,2461,29,10,7,9.28,8.73,80.0,20.0,19.0,84.2,228.0,117.0,21.0,28.0,37.0,34.0,62.3,60.5,17.0,52.0,289.0,92.0,8.0,59.0,5,0,,,,,5288250
Ivakov Ostpel,Farsen FC,Championship,20,RB,2071,27,0,3,3.73,5.67,40.0,18.0,60.0,78.5,115.0,113.0,77.0,17.0,72.0,57.0,59.2,52.5,68.0,30.0,124.0,40.0,17.0,50.0,6,0,,,,,21749979
Rospel Silhus,Farsen FC,Championship,25,AM,1275,23,7,6,8.92,3.78,19.0,5.0,31.0,83.8,129.0,46.0,51.0,8.0,18.0,19.0,39.7,66.6,37.0,13.0,153.0,16.0,12.0,18.0,7,0,,,,,14171143
Corez Dantov,Farsen FC,Championship,21,DM,1521,17,2,2,0.28,4.02,9.0,2.0,36.0,79.3,50.0,63.0,44.0,17.0,15.0,56.0,54.3,56.8,40.0,18.0,141.0,49.0,16.0,23.0,4,0,,,,,10305800
Belgio Quizar,Farsen FC,Championship,33,CB,967,14,0,0,1.35,0.45,3.0,0.0,8.0,82.4,31.0,8.0,4.0,5.0,7.0,35.0,40.1,43.6,20.0,14.0,42.0,6.0,6.0,12.0,9,0,,,,,1467015
Fargio Jorpel,Farsen FC,Championship,31,RB,1904,25,0,0,3.35,3.99,23.0,6.0,11.0,78.4,41.0,58.0,34.0,15.0,121.0,16.0,49.5,43.0,21.0,22.0,109.0,60.0,14.0,40.0,7,0,,,,,101663
Osttov Torlan,Farsen FC,Championship,23,RB,1133,16,0,0,1.37,0.98,4.0,1.0,20.0,89.8,38.0,45.0,22.0,13.0,44.0,49.0,32.4,51.0,11.0,15.0,38.0,20.0,7.0,19.0,0,0,,,,,1580644
Quiez Silba,Farsen FC,Championship,24,RB,1805,27,1,0,1.83,1.59,17.0,6.0,12.0,86.8,88.0,124.0,6.0,22.0,94.0,20.0,63.7,57.7,21.0,68.0,171.0,11.0,5.0,21.0,3,0,,,,,5034988
Elivic Faros,Farsen FC,Championship,19,CM,2647,32,2,3,2.64,1.43,52.0,14.0,73.0,94.5,194.0,138.0,86.0,7.0,74.0,114.0,66.4,67.1,84.0,59.0,296.0,94.0,23.0,25.0,0,0,,,,,23538406
Morfal Lunic,Farsen FC,Championship,25,CM,2459,39,3,2,2.54,4.0,13.0,4.0,77.0,80.6,233.0,139.0,51.0,15.0,21.0,81.0,59.2,55.5,57.0,34.0,200.0,26.0,31.0,46.0,9,0,,,,,16585253
Ivaba Pratov,Farsen FC,Championship,24,CB,2269,30,0,2,3.37,4.69,25.0,6.0,13.0,74.0,92.0,110.0,63.0,27.0,78.0,11.0,53.3,58.6,46.0,20.0,244.0,49.0,18.0,33.0,1,0,,,,,5685620
Siltov Lunhus,Farsen FC,Championship,26,AM,1319,19,1,0,1.1,0.87,51.0,25.0,3.0,86.9,25.0,23.0,26.0,14.0,72.0,35.0,65.1,56.0,30.0,31.0,51.0,11.0,15.0,15.0,1,0,,,,,1003408
Roshus Silos,Farsen FC,Championship,22,RB,1396,20,1,0,0.47,1.93,4.0,1.0,33.0,82.2,98.0,36.0,7.0,21.0,22.0,8.0,55.5,50.3,12.0,15.0,119.0,40.0,14.0,10.0,9,0,,,,,11707957
Armir Rosos,Farsen FC,Championship,23,ST,2238,38,4,3,5.46,3.1,72.0,25.0,18.0,72.9,154.0,76.0,51.0,35.0,25.0,63.0,30.4,47.3,13.0,23.0,181.0,43.0,14.0,23.0,2,0,,,,,1719407
Lunju Belhus,Farsen FC,Championship,24,RB,1845,25,1,1,2.03,4.19,22.0,8.0,42.0,91.9,98.0,42.0,26.0,20.0,74.0,21.0,68.3,51.1,30.0,38.0,184.0,6.0,4.0,23.0,8,0,,,,,6335388
Tordin Joric,Farsen FC,Championship,31,ST,1121,18,3,2,3.7,1.88,46.0,16.0,7.0,75.8,83.0,60.0,2.0,6.0,16.0,49.0,52.2,47.2,29.0,15.0,104.0,43.0,4.0,13.0,3,0,,,,,3443771
Nevzar Farpel,Farsen FC,Championship,17,AM,992,12,1,1,1.62,1.26,35.0,19.0,5.0,83.2,19.0,18.0,7.0,4.0,33.0,13.0,36.5,55.7,13.0,10.0,35.0,26.0,3.0,9.0,0,0,,,,,3780935
Jorez Henos,Tordin FC,Championship,24,GK,1131,17,0,0,,,,,31.0,72.2,89.0,21.0,36.0,17.0,38.0,40.0,64.8,64.6,31.0,34.0,146.0,8.0,2.0,12.0,0,0,29.0,14.0,8.0,14.0,3992280
Golvic Quigio,Tordin FC,Championship,27,GK,1862,22,0,0,,,,,10.0,72.2,146.0,91.0,3.0,26.0,69.0,49.0,51.5,52.9,35.0,24.0,106.0,65.0,15.0,26.0,2,0,97.0,18.0,4.0,30.0,1536902
Artov Golgio,Tordin FC,Championship,17,CB,697,11,0,1,0.61,1.39,1.0,0.0,6.0,77.9,80.0,35.0,17.0,8.0,10.0,31.0,49.0,61.5,19.0,11.0,44.0,13.0,3.0,6.0,8,0,,,,,20299878
Belsen Praba,Tordin FC,Championship,25,CM,1637,22,0,0,2.48,1.28,29.0,10.0,14.0,87.2,100.0,14.0,22.0,25.0,84.0,51.0,51.0,54.4,10.0,33.0,82.0,71.0,5.0,15.0,2,0,,,,,433484
Quifal Danez,Tordin FC,Championship,19,ST,2001,31,8,3,6.72,3.31,74.0,19.0,17.0,75.3,198.0,108.0,62.0,6.0,33.0,51.0,43.4,48.8,53.0,21.0,187.0,56.0,4.0,27.0,1,0,,,,,10772875
Danez Farfal,Tordin FC,Championship,27,DM,1423,16,1,1,1.74,3.46,3.0,1.0,34.0,80.0,49.0,81.0,8.0,24.0,72.0,20.0,60.2,43.6,11.0,19.0,187.0,17.0,11.0,21.0,4,0,,,,,3825964
Ivatov Eliju,Tordin FC,Championship,34,DM,3103,40,0,5,0.66,8.3,44.0,9.0,38.0,67.4,226.0,166.0,49.0,34.0,136.0,13.0,39.6,64.7,67.0,86.0,306.0,132.0,18.0,72.0,9,0,,,,,11694386
Praju Joros,Tordin FC,Championship,20,RB,1607,25,0,0,1.21,1.75,25.0,11.0,27.0,92.9,35.0,104.0,3.0,2.0,29.0,69.0,57.3,61.5,30.0,17.0,181.0,25.0,3.0,18.0,8,0,,,,,11568875
Henmir Kalju,Tordin FC,Championship,23,AM,1823,27,6,3,6.56,4.56,21.0,10.0,5.0,70.7,147.0,14.0,27.0,20.0,82.0,80.0,32.5,48.0,11.0,35.0,96.0,15.0,17.0,17.0,0,2,,,,,4774250
Belos Silkov,Tordin FC,Championship,21,ST,1339,18,2,0,3.04,0.91,20.0,9.0,24.0,91.0,116.0,53.0,18.0,9.0,48.0,27.0,32.2,54.2,18.0,25.0,61.0,53.0,9.0,23.0,5,0,,,,,7162746
Cormir Osthus,Tordin FC,Championship,26,ST,1062,13,5,3,5.93,4.02,31.0,12.0,4.0,75.7,112.0,66.0,36.0,17.0,41.0,19.0,48.0,43.7,31.0,29.0,68.0,28.0,9.0,15.0,1,0,,,,,7328963
Prazar Golju,Tordin FC,Championship,26,LW,1401,16,2,2,3.4,1.78,57.0,30.0,6.0,91.5,48.0,13.0,8.0,18.0,41.0,11.0,38.9,44.4,11.0,25.0,63.0,20.0,13.0,21.0,4,0,,,,,3421568
Nevpel Belez,Tordin FC,Championship,25,LW,1545,19,8,6,9.36,4.59,26.0,11.0,20.0,67.0,33.0,76.0,39.0,9.0,10.0,44.0,62.1,57.3,19.0,13.0,177.0,60.0,4.0,11.0,5,0,,,,,10293714
Goltov Torrin,Tordin FC,Championship,24,ST,1326,14,5,2,5.91,3.91,62.0,20.0,27.0,93.5,51.0,19.0,11.0,9.0,26.0,16.0,43.9,50.6,21.0,41.0,152.0,40.0,11.0,10.0,4,0,,,,,3386424
Coric Ivaic,Tordin FC,Championship,23,RB,702,11,0,0,1.03,1.48,7.0,1.0,7.0,70.4,37.0,13.0,6.0,12.0,46.0,13.0,61.9,39.6,6.0,9.0,44.0,12.0,6.0,6.0,0,0,,,,,189401
Aros Pralan,Tordin FC,Championship,21,DM,734,11,0,0,1.09,0.58,7.0,1.0,8.0,91.6,53.0,28.0,23.0,12.0,11.0,27.0,31.5,47.1,12.0,13.0,66.0,31.0,5.0,7.0,5,0,,,,,11451097
Luntov Ivaez,Tordin FC,Championship,25,DM,1251,15,1,0,2.16,2.79,22.0,8.0,4.0,82.1,146.0,48.0,11.0,16.0,51.0,43.0,58.2,60.0,16.0,41.0,138.0,42.0,6.0,28.0,3,0,,,,,13510137
Elidin Nevju,Tordin FC,Championship,33,RB,1503,23,1,1,1.14,0.97,28.0,13.0,5.0,70.0,83.0,70.0,11.0,12.0,37.0,36.0,65.7,65.0,28.0,33.0,107.0,58.0,6.0,15.0,5,0,,,,,4901781
Corlan Morju,Tordin FC,Championship,21,DM,1121,13,0,0,1.83,0.68,5.0,1.0,26.0,72.9,106.0,31.0,25.0,1.0,74.0,18.0,51.6,52.0,9.0,20.0,67.0,38.0,1.0,17.0,9,0,,,,,10392939
Luntov Quiic,Tordin FC,Championship,32,CB,2603,41,0,0,0.33,6.78,33.0,15.0,37.0,84.3,181.0,42.0,15.0,5.0,129.0,111.0,65.2,62.5,23.0,47.0,228.0,89.0,31.0,36.0,7,0,,,,,746364
Silmir Ostpel,Tordin FC,Championship,24,LW,1673,22,7,4,7.99,4.54,31.0,14.0,36.0,92.6,176.0,37.0,38.0,19.0,55.0,63.0,32.4,55.3,23.0,33.0,203.0,16.0,18.0,31.0,7,0,,,,,10021335
Cortov Jorce,Tordin FC,Championship,25,LW,726,10,2,1,2.17,1.52,35.0,12.0,7.0,74.9,21.0,17.0,7.0,2.0,44.0,26.0,57.4,49.3,13.0,25.0,85.0,25.0,8.0,7.0,3,0,,,,,6559839
Elivic Torzar,Arlan FC,Championship,25,GK,2008,27,0,0,,,,,12.0,76.8,118.0,138.0,37.0,5.0,33.0,66.0,35.8,63.9,48.0,45.0,256.0,85.0,11.0,39.0,3,1,90.0,31.0,14.0,28.0,4325418
Eligio Ivaju,Arlan FC,Championship,28,GK,1595,24,0,0,,,,,39.0,71.8,93.0,37.0,23.0,5.0,50.0,26.0,30.1,51.6,14.0,17.0,117.0,53.0,10.0,19.0,6,0,63.0,27.0,12.0,15.0,5352006
Ostdin Arsen,Arlan FC,Championship,22,CB,1111,15,1,0,0.58,0.56,8.0,3.0,7.0,75.9,99.0,53.0,28.0,8.0,46.0,25.0,44.7,57.0,9.0,24.0,110.0,16.0,12.0,11.0,5,0,,,,,17376117
Corfal Dance,Arlan FC,Championship,28,RB,1041,14,1,0,0.58,1.5,18.0,7.0,3.0,83.8,92.0,8.0,32.0,16.0,54.0,15.0,44.5,53.6,18.0,26.0,52.0,7.0,3.0,5.0,5,0,,,,,5311514
Argio Nevzar,Arlan FC,Championship,29,CM,1198,19,0,0,0.13,1.5,6.0,2.0,14.0,74.7,44.0,6.0,3.0,5.0,18.0,13.0,60.3,61.8,15.0,11.0,79.0,49.0,6.0,6.0,5,1,,,,,198446
Lunnen Danez,Arlan FC,Championship,31,CM,1203,13,0,0,2.14,0.88,12.0,5.0,13.0,72.0,57.0,43.0,18.0,4.0,16.0,11.0,58.1,63.1,8.0,8.0,60.0,34.0,3.0,6.0,3,0,,,,,327828
Elitov Arce,Arlan FC,Championship,23,RB,944,14,0,1,0.92,1.87,16.0,6.0,27.0,77.3,117.0,73.0,2.0,9.0,49.0,31.0,44.0,52.4,23.0,25.0,120.0,7.0,3.0,9.0,7,0,,,,,42200756
Henmir Joric,Arlan FC,Championship,27,DM,2761,35,0,1,1.12,2.47,43.0,14.0,16.0,67.0,192.0,146.0,74.0,9.0,63.0,122.0,49.2,65.2,52.0,72.0,177.0,79.0,36.0,59.0,7,0,,,,,4523472
Kaltov Hendin,Arlan FC,Championship,25,RB,2679,35,0,0,1.19,4.4,40.0,11.0,15.0,74.0,149.0,31.0,39.0,15.0,81.0,79.0,32.3,38.7,39.0,41.0,149.0,71.0,20.0,57.0,5,0,,,,,63414
Belgio Pralan,Arlan FC,Championship,20,RB,1345,21,1,2,2.22,3.02,19.0,6.0,10.0,93.3,116.0,27.0,51.0,1.0,36.0,17.0,59.1,61.3,10.0,33.0,69.0,34.0,8.0,28.0,6,1,,,,,27370813
Danfal Elidin,Arlan FC,Championship,21,RB,2144,26,1,0,1.99,5.57,18.0,5.0,34.0,67.4,121.0,109.0,25.0,11.0,21.0,31.0,43.3,60.6,46.0,17.0,195.0,17.0,20.0,34.0,0,0,,,,,5660997
Osttov Torfal,Arlan FC,Championship,24,LW,1972,24,4,3,3.7,1.56,63.0,16.0,47.0,71.2,92.0,85.0,47.0,22.0,78.0,36.0,33.6,60.3,25.0,65.0,194.0,63.0,21.0,16.0,9,0,,,,,6813683
Prarin Nevkov,Arlan FC,Championship,23,ST,1667,25,14,9,14.33,10.42,58.0,15.0,23.0,70.3,50.0,15.0,55.0,3.0,53.0,11.0,52.0,56.0,62.0,61.0,174.0,67.0,3.0,19.0,5,0,,,,,21243187
Morgio Eliic,Arlan FC,Championship,20,DM,433,6,0,0,0.4,0.33,6.0,2.0,10.0,67.0,18.0,24.0,2.0,7.0,15.0,11.0,46.6,66.1,4.0,15.0,28.0,16.0,5.0,8.0,7,0,,,,,6607400
Jorpel Quimir,Arlan FC,Championship,22,LW,2416,41,5,1,4.62,2.8,79.0,32.0,28.0,94.8,155.0,47.0,11.0,23.0,21.0,89.0,51.2,52.4,31.0,70.0,164.0,82.0,29.0,23.0,4,0,,,,,25095493
Morba Fardin,Arlan FC,Championship,23,LW,1296,20,5,2,6.51,2.13,42.0,20.0,14.0,69.6,119.0,73.0,43.0,12.0,24.0,32.0,30.9,52.1,35.0,23.0,155.0,26.0,13.0,29.0,9,0,,,,,9845530
Ostnen Silhus,Arlan FC,Championship,23,LW,809,13,1,1,1.42,0.55,19.0,5.0,5.0,89.4,34.0,13.0,22.0,2.0,6.0,6.0,62.7,53.7,7.0,20.0,56.0,28.0,4.0,4.0,9,0,,,,,19040228
Torez Belgio,Arlan FC,Championship,26,CM,1089,13,1,1,0.79,0.36,3.0,1.0,15.0,91.7,86.0,63.0,13.0,11.0,13.0,12.0,55.8,56.7,35.0,30.0,163.0,30.0,3.0,14.0,5,0,,,,,13477776
Torzar Ostzar,Arlan FC,Championship,31,CB,1050,16,0,0,1.06,0.96,12.0,2.0,8.0,71.8,51.0,51.0,24.0,16.0,16.0,30.0,69.9,63.5,13.0,24.0,78.0,6.0,3.0,17.0,1,0,,,,,2952605
Belju Rosic,Arlan FC,Championship,19,LW,1162,14,0,0,1.05,0.55,27.0,10.0,14.0,90.7,24.0,46.0,13.0,11.0,72.0,24.0,40.0,60.8,21.0,27.0,108.0,31.0,12.0,20.0,1,0,,,,,2719050
Henmir Ivace,Arlan FC,Championship,24,DM,2020,22,2,0,0.75,1.91,32.0,7.0,47.0,74.4,69.0,57.0,67.0,4.0,81.0,54.0,53.0,47.6,48.0,47.0,233.0,76.0,20.0,24.0,2,0,,,,,3786988
Kalvic Arlan,Arlan FC,Championship,18,DM,1936,32,0,2,3.11,1.87,38.0,14.0,42.0,87.5,198.0,32.0,23.0,17.0,71.0,14.0,63.7,66.1,15.0,20.0,186.0,85.0,21.0,12.0,1,0,,,,,21452599
