Jugador;Equipo;Liga;Edad;Demarcación;Minutos jugados;PJ;Goles;Asistencias;Goles esperados;Asistencias esperadas;Remates;Remates a puerta;Pases clave;Precisión pases;Pases progresivos;Conducciones progresivas;Regates completados;Centros acertados;Toques en área;Duelos aéreos ganados;% duelos aéreos;% duelos;Entradas ganadas;Intercepciones;Recuperaciones;Despejes;Bloqueos;Faltas cometidas;Tarjetas amarillas;Tarjetas rojas;Paradas;Goles encajados;Porterías a cero;Salidas;Valor de mercado
Elinen Jorez;Silrin FC;LaLiga Hypermotion;23;POR;1772;27;0;0;;;;;39.0;81.1;42.0;33.0;16.0;23.0;63.0;21.0;56.2;56.5;14.0;57.0;85.0;14.0;19.0;13.0;8;0;90.0;15.0;9.0;13.0;7480388
Ostfal Hensen;Silrin FC;LaLiga Hypermotion;24;POR;2085;36;0;0;;;;;15.0;64.9;90.0;24.0;16.0;5.0;26.0;20.0;43.2;54.6;19.0;14.0;142.0;27.0;7.0;41.0;8;1;124.0;53.0;8.0;22.0;57086
Elirin Morba;Silrin FC;LaLiga Hypermotion;26;DC;2455;28;0;1;4.15;6.18;22.0;10.0;38.0;71.9;48.0;52.0;28.0;30.0;79.0;10.0;45.1;56.9;44.0;72.0;275.0;40.0;24.0;47.0;5;0;;;;;4457710
Corgio Elivic;Silrin FC;LaLiga Hypermotion;35;Lateral derecho;1937;26;0;0;2.95;3.44;18.0;7.0;22.0;73.5;96.0;39.0;33.0;11.0;48.0;35.0;65.5;58.4;26.0;34.0;104.0;60.0;3.0;14.0;5;0;;;;;356590
Farmir Rosrin;Silrin FC;LaLiga Hypermotion;25;DC;2314;27;1;3;4.24;1.33;14.0;6.0;31.0;74.5;88.0;106.0;29.0;32.0;91.0;16.0;37.6;46.6;29.0;30.0;117.0;57.0;30.0;21.0;0;0;;;;;9776007
Nevlan Morju;Silrin FC;LaLiga Hypermotion;21;Pivote;2369;41;0;1;3.79;4.21;46.0;14.0;19.0;72.8;162.0;98.0;21.0;37.0;80.0;23.0;37.6;56.9;54.0;28.0;237.0;64.0;26.0;43.0;7;0;;;;;2626017
Hence Farnen;Silrin FC;LaLiga Hypermotion;24;Pivote;1507;24;0;0;2.98;0.9;29.0;11.0;12.0;71.7;54.0;31.0;31.0;12.0;8.0;50.0;31.5;53.9;13.0;28.0;112.0;27.0;4.0;26.0;5;0;;;;;6406280
Tordin Morvic;Silrin FC;LaLiga Hypermotion;34;Mediapunta;882;12;5;2;4.63;4.19;20.0;10.0;9.0;83.3;75.0;44.0;17.0;7.0;25.0;11.0;68.6;58.2;15.0;21.0;106.0;5.0;5.0;18.0;9;0;;;;;6903521
Belic Nevez;Silrin FC;LaLiga Hypermotion;26;DC;1302;16;0;1;1.86;0.84;24.0;9.0;8.0;70.7;26.0;15.0;5.0;17.0;4.0;40.0;43.0;66.2;29.0;29.0;155.0;35.0;11.0;15.0;3;0;;;;;8498114
Faric Ivaic;Silrin FC;LaLiga Hypermotion;19;Delantero centro;1555;19;9;4;11.6;2.95;41.0;13.0;13.0;84.7;134.0;81.0;16.0;20.0;98.0;8.0;48.3;56.2;46.0;36.0;102.0;19.0;8.0;9.0;7;0;;;;;22366773
Rosnen Sillan;Silrin FC;LaLiga Hypermotion;30;Extremo izquierdo;379;5;0;0;0.86;0.39;7.0;2.0;2.0;85.9;38.0;26.0;2.0;5.0;19.0;8.0;49.7;63.0;8.0;16.0;24.0;12.0;2.0;9.0;9;0;;;;;6926162
Lunvic Hence;Silrin FC;LaLiga Hypermotion;23;Extremo izquierdo;1471;19;1;1;2.02;1.11;41.0;20.0;4.0;74.1;59.0;29.0;29.0;14.0;52.0;37.0;37.2;43.1;23.0;21.0;126.0;61.0;12.0;22.0;7;0;;;;;1231383
Dansen Arju;Silrin FC;LaLiga Hypermotion;22;Lateral derecho;1964;32;0;0;3.63;1.73;24.0;4.0;47.0;76.6;178.0;14.0;6.0;26.0;22.0;75.0;62.8;57.1;52.0;64.0;236.0;38.0;25.0;17.0;0;0;;;;;12451090
Arez Golrin;Silrin FC;LaLiga Hypermotion;19;Pivote;1122;19;0;0;1.14;1.94;8.0;1.0;17.0;89.7;64.0;43.0;26.0;10.0;8.0;8.0;64.6;57.7;23.0;27.0;107.0;37.0;9.0;15.0;3;0;;;;;6578582
Elitov Arlan;Silrin FC;LaLiga Hypermotion;17;DC;517;9;0;0;0.3;0.96;4.0;1.0;10.0;80.6;46.0;21.0;8.0;1.0;25.0;9.0;57.1;44.3;8.0;15.0;33.0;3.0;1.0;5.0;6;0;;;;;5185460
Artov Eliba;Silrin FC;LaLiga Hypermotion;19;Mediapunta;1964;27;2;0;2.45;2.58;95.0;31.0;45.0;81.7;122.0;71.0;7.0;1.0;79.0;25.0;37.5;61.9;25.0;59.0;165.0;66.0;24.0;14.0;6;0;;;;;5786865
Lunju Golez;Silrin FC;LaLiga Hypermotion;26;Lateral derecho;2181;27;2;0;0.3;3.05;35.0;10.0;23.0;82.1;201.0;66.0;12.0;5.0;57.0;24.0;35.9;42.6;55.0;55.0;95.0;44.0;20.0;52.0;5;0;;;;;2579230
Lunez Ostrin;Silrin FC;LaLiga Hypermotion;30;DC;2161;38;0;1;3.15;0.65;33.0;8.0;13.0;79.4;67.0;124.0;72.0;24.0;77.0;30.0;60.7;48.3;45.0;60.0;252.0;85.0;5.0;21.0;2;0;;;;;9074972
Henos Silmir;Silrin FC;LaLiga Hypermotion;26;DC;2721;30;2;3;1.1;2.56;19.0;6.0;49.0;66.2;87.0;41.0;95.0;16.0;40.0;71.0;55.1;60.7;41.0;37.0;158.0;33.0;21.0;56.0;0;1;;;;;3982234
Belhus Farnen;Silrin FC;LaLiga Hypermotion;22;Mediapunta;897;12;1;0;1.38;1.14;13.0;6.0;9.0;70.9;35.0;10.0;16.0;13.0;52.0;23.0;56.7;45.0;5.0;10.0;69.0;33.0;9.0;13.0;7;0;;;;;11410156
Pragio Arnen;Silrin FC;LaLiga Hypermotion;23;Mediapunta;1654;20;8;5;8.14;5.1;20.0;7.0;28.0;72.0;57.0;96.0;39.0;8.0;9.0;13.0;42.1;47.6;36.0;50.0;148.0;57.0;10.0;31.0;9;0;;;;;26559926
Lunba Eliez;Silrin FC;LaLiga Hypermotion;24;Extremo izquierdo;2516;35;4;2;4.32;2.59;72.0;25.0;15.0;91.2;157.0;66.0;8.0;17.0;88.0;46.0;36.0;57.9;51.0;44.0;137.0;46.0;21.0;55.0;3;0;;;;;1993371
Jorgio Torba;Lunpel FC;LaLiga Hypermotion;20;POR;743;13;0;0;;;;;11.0;65.6;24.0;33.0;15.0;5.0;20.0;9.0;58.2;50.7;21.0;16.0;61.0;9.0;3.0;13.0;9;0;25.0;11.0;1.0;3.0;7926979
Eliju Elihus;Lunpel FC;LaLiga Hypermotion;26;POR;527;9;0;0;;;;;5.0;67.3;42.0;10.0;9.0;4.0;29.0;23.0;44.5;65.5;5.0;12.0;59.0;12.0;6.0;6.0;5;0;24.0;11.0;1.0;6.0;5716220
Argio Coros;Lunpel FC;LaLiga Hypermotion;19;Delantero centro;2267;38;4;3;4.39;2.9;60.0;16.0;12.0;73.9;120.0;74.0;32.0;17.0;91.0;49.0;48.4;51.3;30.0;21.0;210.0;8.0;21.0;28.0;2;0;;;;;2004387
Dannen Quiju;Lunpel FC;LaLiga Hypermotion;27;DC;415;7;0;0;0.74;0.38;8.0;1.0;8.0;81.3;41.0;13.0;1.0;7.0;14.0;17.0;45.6;60.6;8.0;6.0;23.0;18.0;2.0;10.0;3;0;;;;;4200596
Sillan Nevsen;Lunpel FC;LaLiga Hypermotion;21;Lateral derecho;2871;47;4;4;0.48;1.25;22.0;8.0;73.0;73.2;259.0;83.0;55.0;8.0;20.0;76.0;65.0;56.0;45.0;26.0;282.0;66.0;35.0;50.0;0;2;;;;;20903262
Quios Ivakov;Lunpel FC;LaLiga Hypermotion;22;Delantero centro;1399;20;1;0;1.32;1.34;37.0;12.0;18.0;82.0;97.0;55.0;21.0;16.0;85.0;43.0;65.6;55.8;20.0;26.0;126.0;34.0;17.0;29.0;7;0;;;;;686794
Henzar Belmir;Lunpel FC;LaLiga Hypermotion;22;DC;1766;24;1;0;1.39;4.66;18.0;8.0;23.0;84.1;74.0;27.0;36.0;14.0;104.0;73.0;46.0;64.2;16.0;28.0;84.0;29.0;8.0;13.0;8;0;;;;;2508534
Roszar Kalos;Lunpel FC;LaLiga Hypermotion;22;Lateral derecho;1708;19;1;3;3.3;0.57;27.0;5.0;26.0;90.4;55.0;56.0;41.0;27.0;91.0;68.0;54.7;47.0;56.0;66.0;116.0;27.0;4.0;41.0;9;0;;;;;14523841
Ivavic Kaltov;Lunpel FC;LaLiga Hypermotion;21;Lateral derecho;2114;24;1;0;0.83;2.72;6.0;2.0;38.0;64.9;170.0;28.0;44.0;16.0;85.0;45.0;31.3;62.1;24.0;58.0;215.0;10.0;7.0;41.0;3;0;;;;;8981241
Kalba Torba;Lunpel FC;LaLiga Hypermotion;27;MC;2262;40;0;1;2.24;3.52;30.0;10.0;33.0;68.5;57.0;81.0;10.0;9.0;111.0;100.0;47.8;63.0;50.0;36.0;131.0;61.0;16.0;33.0;3;0;;;;;2367720
Quiba Rosos;Lunpel FC;LaLiga Hypermotion;31;Extremo izquierdo;1088;13;4;2;3.59;2.05;20.0;7.0;13.0;64.9;54.0;48.0;10.0;6.0;41.0;39.0;31.0;65.6;27.0;14.0;44.0;13.0;5.0;13.0;4;0;;;;;5497331
Farvic Kallan;Lunpel FC;LaLiga Hypermotion;23;Mediapunta;1014;13;5;1;6.13;2.58;43.0;15.0;8.0;71.9;126.0;60.0;12.0;4.0;42.0;8.0;47.7;67.0;10.0;35.0;132.0;9.0;8.0;5.0;9;0;;;;;23215183
Quiju Kallan;Lunpel FC;LaLiga Hypermotion;24;MC;1790;30;0;0;0.5;2.81;29.0;10.0;7.0;81.4;97.0;13.0;5.0;19.0;14.0;21.0;51.2;55.2;20.0;15.0;53.0;26.0;14.0;24.0;7;0;;;;;439034
Torsen Henba;Lunpel FC;LaLiga Hypermotion;23;Delantero centro;2714;32;3;2;2.88;1.2;121.0;64.0;51.0;72.6;116.0;52.0;42.0;26.0;107.0;23.0;35.1;43.8;28.0;41.0;252.0;46.0;26.0;59.0;0;0;;;;;4324989
Belvic Beldin;Lunpel FC;LaLiga Hypermotion;24;MC;1303;18;0;0;0.55;2.53;24.0;6.0;9.0;67.4;74.0;13.0;13.0;21.0;41.0;39.0;53.6;48.6;9.0;18.0;63.0;43.0;2.0;22.0;5;0;;;;;180209
Coric Arba;Lunpel FC;LaLiga Hypermotion;21;Pivote;2353;41;0;1;3.43;1.58;22.0;8.0;35.0;90.1;122.0;12.0;40.0;24.0;130.0;90.0;47.7;51.9;37.0;39.0;192.0;6.0;14.0;55.0;0;0;;;;;973370
Ostju Rosju;Lunpel FC;LaLiga Hypermotion;26;Extremo izquierdo;556;9;0;0;0.14;0.08;12.0;5.0;6.0;79.7;29.0;2.0;2.0;9.0;19.0;3.0;55.5;52.6;9.0;7.0;36.0;23.0;4.0;12.0;8;0;;;;;144857
Golrin Corez;Lunpel FC;LaLiga Hypermotion;21;DC;2423;32;0;1;2.41;2.24;25.0;11.0;41.0;79.3;196.0;32.0;59.0;21.0;57.0;52.0;41.6;64.2;19.0;53.0;317.0;13.0;32.0;14.0;6;0;;;;;7389093
Belos Fartov;Lunpel FC;LaLiga Hypermotion;27;Delantero centro;1169;13;1;0;1.0;0.85;45.0;22.0;7.0;83.0;33.0;30.0;6.0;4.0;17.0;40.0;32.7;50.6;24.0;6.0;54.0;7.0;12.0;22.0;2;0;;;;;516364
Lunkov Henic;Lunpel FC;LaLiga Hypermotion;22;Mediapunta;964;10;1;1;1.3;0.91;21.0;10.0;5.0;63.8;50.0;30.0;1.0;9.0;53.0;10.0;33.3;59.6;8.0;13.0;68.0;11.0;10.0;12.0;9;0;;;;;1075258
Osttov Golfal;Lunpel FC;LaLiga Hypermotion;21;Mediapunta;2586;36;8;7;10.84;3.57;29.0;14.0;50.0;80.8;143.0;153.0;32.0;7.0;115.0;70.0;41.6;60.9;81.0;43.0;159.0;57.0;5.0;16.0;3;0;;;;;24439805
Kalvic Ostgio;Lunpel FC;LaLiga Hypermotion;30;Extremo izquierdo;748;9;2;1;2.14;0.76;13.0;4.0;2.0;81.3;45.0;11.0;6.0;2.0;9.0;29.0;66.1;48.9;11.0;6.0;52.0;18.0;10.0;3.0;8;0;;;;;2696042
Elitov Quihus;Jorba FC;LaLiga Hypermotion;23;POR;469;6;0;0;;;;;2.0;94.1;46.0;24.0;7.0;6.0;18.0;9.0;68.1;53.9;10.0;6.0;37.0;14.0;2.0;6.0;6;0;14.0;6.0;0.0;4.0;6268633
Golzar Rosju;Jorba FC;LaLiga Hypermotion;30;POR;2824;39;0;0;;;;;64.0;83.5;231.0;152.0;71.0;9.0;176.0;125.0;45.3;59.6;96.0;25.0;210.0;126.0;37.0;29.0;4;0;106.0;45.0;15.0;35.0;16006022
Morkov Cormir;Jorba FC;LaLiga Hypermotion;20;Extremo izquierdo;1770;30;6;3;6.55;2.16;27.0;12.0;37.0;80.1;60.0;115.0;23.0;26.0;81.0;57.0;45.5;44.6;47.0;26.0;96.0;4.0;7.0;16.0;0;0;;;;;19406474
Nevce Ivaos;Jorba FC;LaLiga Hypermotion;20;Pivote;394;5;0;0;0.59;1.05;5.0;1.0;5.0;88.8;9.0;5.0;2.0;7.0;9.0;17.0;44.6;49.6;6.0;9.0;35.0;11.0;1.0;7.0;5;1;;;;;2773027
Pralan Morpel;Jorba FC;LaLiga Hypermotion;22;Extremo izquierdo;1489;19;12;5;10.69;5.37;73.0;31.0;20.0;67.3;140.0;78.0;35.0;13.0;42.0;48.0;56.5;65.0;35.0;17.0;101.0;45.0;16.0;22.0;8;0;;;;;34690469
Elisen Henvic;Jorba FC;LaLiga Hypermotion;22;Pivote;1293;15;0;0;2.13;2.25;23.0;7.0;16.0;64.5;49.0;15.0;1.0;6.0;12.0;24.0;39.1;52.0;20.0;13.0;50.0;25.0;14.0;14.0;4;0;;;;;58400
Ostgio Farhus;Jorba FC;LaLiga Hypermotion;24;Extremo izquierdo;2550;34;8;6;10.72;6.1;108.0;37.0;46.0;70.9;171.0;57.0;63.0;37.0;34.0;29.0;39.5;51.4;69.0;27.0;262.0;81.0;28.0;35.0;8;0;;;;;6680695
Arnen Nevic;Jorba FC;LaLiga Hypermotion;29;Delantero centro;1683;26;10;3;10.44;9.05;23.0;10.0;37.0;90.6;129.0;86.0;23.0;18.0;84.0;52.0;44.8;53.0;57.0;36.0;136.0;34.0;6.0;22.0;2;0;;;;;4379899
Lunba Rosrin;Jorba FC;LaLiga Hypermotion;17;Mediapunta;2102;23;15;8;15.86;6.5;43.0;21.0;40.0;90.4;208.0;55.0;93.0;5.0;10.0;48.0;60.4;66.1;72.0;32.0;192.0;88.0;11.0;27.0;2;0;;;;;36965179
Arsen Ardin;Jorba FC;LaLiga Hypermotion;26;MC;1229;21;0;1;1.05;3.03;4.0;1.0;6.0;80.6;35.0;44.0;38.0;9.0;27.0;31.0;34.8;47.6;13.0;33.0;72.0;37.0;16.0;22.0;3;0;;;;;1940024
Arkov Belkov;Jorba FC;LaLiga Hypermotion;17;Mediapunta;1435;18;4;2;3.95;1.58;66.0;27.0;24.0;80.2;96.0;75.0;5.0;13.0;59.0;20.0;53.4;52.8;35.0;47.0;91.0;59.0;2.0;34.0;8;0;;;;;7030353
Eliju Jorkov;Jorba FC;LaLiga Hypermotion;18;Extremo izquierdo;1373;15;7;2;7.47;5.68;37.0;12.0;34.0;80.0;48.0;39.0;9.0;19.0;65.0;34.0;34.4;50.7;42.0;44.0;86.0;18.0;14.0;32.0;6;0;;;;;5794949
Silzar Lunsen;Jorba FC;LaLiga Hypermotion;21;MC;2755;47;2;2;2.37;4.42;22.0;4.0;43.0;81.7;227.0;78.0;66.0;43.0;38.0;44.0;51.5;46.6;66.0;53.0;218.0;74.0;29.0;26.0;3;0;;;;;7195769
Goldin Lunba;Jorba FC;LaLiga Hypermotion;21;Extremo izquierdo;1240;19;5;4;6.43;2.37;45.0;21.0;32.0;68.3;117.0;14.0;8.0;6.0;57.0;47.0;32.0;58.6;32.0;35.0;156.0;3.0;3.0;27.0;4;0;;;;;6760227
Corzar Ivagio;Jorba FC;LaLiga Hypermotion;20;Pivote;703;9;0;0;0.68;1.69;11.0;4.0;4.0;66.5;55.0;17.0;2.0;6.0;6.0;13.0;49.8;58.6;6.0;17.0;46.0;19.0;3.0;6.0;4;0;;;;;2923730
Arhus Elivic;Jorba FC;LaLiga Hypermotion;18;Pivote;1439;16;0;0;1.46;1.13;5.0;1.0;18.0;88.9;92.0;83.0;52.0;1.0;49.0;61.0;67.7;67.2;24.0;36.0;150.0;22.0;12.0;18.0;8;0;;;;;6981732
Arlan Osttov;Jorba FC;LaLiga Hypermotion;29;Delantero centro;1070;15;3;2;3.36;2.39;53.0;27.0;22.0;87.5;97.0;39.0;28.0;1.0;35.0;35.0;69.0;49.5;11.0;9.0;99.0;5.0;8.0;8.0;7;0;;;;;11200360
Mormir Jorpel;Jorba FC;LaLiga Hypermotion;27;Lateral derecho;1528;23;2;2;2.95;1.14;20.0;8.0;27.0;77.5;164.0;70.0;22.0;25.0;36.0;37.0;68.1;52.9;33.0;65.0;222.0;28.0;5.0;33.0;6;0;;;;;20716925
Ivakov Silce;Jorba FC;LaLiga Hypermotion;27;Mediapunta;2634;41;11;6;14.81;9.42;60.0;20.0;39.0;86.8;324.0;82.0;95.0;43.0;113.0;13.0;67.8;45.9;25.0;61.0;295.0;9.0;35.0;12.0;1;0;;;;;18371744
Quiba Kalmir;Jorba FC;LaLiga Hypermotion;28;Pivote;1369;20;0;0;1.74;1.47;9.0;3.0;3.0;89.1;84.0;21.0;10.0;20.0;50.0;26.0;50.7;46.2;13.0;15.0;137.0;8.0;16.0;17.0;6;0;;;;;3917434
Lunba Farju;Jorba FC;LaLiga Hypermotion;24;Mediapunta;1960;26;2;1;2.34;1.88;91.0;24.0;15.0;87.1;101.0;54.0;18.0;14.0;28.0;80.0;42.4;51.9;9.0;29.0;110.0;47.0;9.0;21.0;1;1;;;;;1287651
Golic Golhus;Jorba FC;LaLiga Hypermotion;23;Lateral derecho;1647;24;2;2;3.04;2.69;30.0;8.0;51.0;89.8;144.0;123.0;49.0;19.0;36.0;49.0;68.1;51.0;18.0;16.0;166.0;69.0;21.0;39.0;8;1;;;;;9874734
Danic Nevez;Lunnen FC;LaLiga Hypermotion;25;POR;1811;31;0;0;;;;;42.0;87.2;152.0;45.0;53.0;4.0;90.0;35.0;64.3;52.3;24.0;31.0;195.0;18.0;13.0;29.0;4;0;82.0;36.0;4.0;5.0;4088873
Rossen Golvic;Lunnen FC;LaLiga Hypermotion;24;POR;365;4;0;0;;;;;5.0;69.5;20.0;13.0;7.0;1.0;20.0;2.0;58.3;63.6;8.0;6.0;28.0;3.0;2.0;7.0;1;0;11.0;8.0;1.0;5.0;3200267
Elice Pradin;Lunnen FC;LaLiga Hypermotion;29;Delantero centro;1246;15;1;0;1.32;0.69;58.0;26.0;6.0;77.8;73.0;47.0;23.0;10.0;47.0;48.0;56.4;43.0;24.0;18.0;100.0;53.0;10.0;25.0;7;0;;;;;949466
Silpel Silez;Lunnen FC;LaLiga Hypermotion;28;Delantero centro;1801;22;5;4;6.0;2.5;27.0;12.0;23.0;77.8;120.0;93.0;18.0;1.0;47.0;9.0;33.2;43.8;9.0;42.0;116.0;7.0;10.0;12.0;3;0;;;;;1775288
Quiba Tortov;Lunnen FC;LaLiga Hypermotion;19;MC;1784;21;1;2;1.33;3.33;12.0;3.0;30.0;95.2;50.0;104.0;7.0;20.0;100.0;39.0;62.6;52.0;43.0;26.0;140.0;48.0;8.0;36.0;1;0;;;;;22354345
Morba Henlan;Lunnen FC;LaLiga Hypermotion;23;Delantero centro;793;10;2;1;2.75;0.9;12.0;3.0;9.0;78.6;65.0;5.0;19.0;4.0;21.0;30.0;38.8;45.5;13.0;8.0;49.0;16.0;3.0;4.0;6;0;;;;;5364712
Torkov Nevhus;Lunnen FC;LaLiga Hypermotion;31;MC;1698;27;0;0;1.49;1.56;4.0;1.0;17.0;90.1;115.0;67.0;33.0;7.0;14.0;73.0;41.5;56.6;20.0;22.0;205.0;26.0;5.0;26.0;1;0;;;;;9441371
Farfal Ostfal;Lunnen FC;LaLiga Hypermotion;20;Lateral derecho;1225;14;1;1;0.93;3.19;20.0;6.0;10.0;80.1;26.0;72.0;24.0;10.0;42.0;16.0;61.6;47.8;10.0;10.0;132.0;52.0;10.0;10.0;7;0;;;;;4945446
Henic Torlan;Lunnen FC;LaLiga Hypermotion;31;DC;1940;27;1;1;1.3;2.33;32.0;9.0;16.0;70.0;53.0;93.0;5.0;15.0;82.0;31.0;62.2;53.4;34.0;64.0;212.0;31.0;26.0;21.0;3;0;;;;;5389062
Tortov Eliic;Lunnen FC;LaLiga Hypermotion;26;Delantero centro;1640;21;4;2;5.02;2.08;77.0;34.0;24.0;82.3;86.0;39.0;26.0;14.0;78.0;58.0;67.8;42.6;28.0;46.0;105.0;30.0;11.0;25.0;4;0;;;;;2244109
Moric Silos;Lunnen FC;LaLiga Hypermotion;23;DC;2116;23;2;1;2.27;1.55;22.0;6.0;47.0;91.2;164.0;32.0;35.0;34.0;90.0;38.0;46.8;54.6;23.0;26.0;229.0;46.0;5.0;47.0;7;0;;;;;6064856
Corba Henlan;Lunnen FC;LaLiga Hypermotion;20;Delantero centro;2054;24;2;1;2.24;1.08;75.0;31.0;30.0;78.4;51.0;14.0;18.0;23.0;68.0;25.0;56.3;61.7;24.0;46.0;133.0;17.0;20.0;40.0;3;0;;;;;3625714
Belzar Arlan;Lunnen FC;LaLiga Hypermotion;31;Extremo izquierdo;1530;20;5;3;4.82;2.42;22.0;8.0;13.0;80.4;132.0;61.0;39.0;7.0;34.0;56.0;64.6;52.0;24.0;46.0;98.0;4.0;8.0;23.0;9;0;;;;;5065847
Danpel Quice;Lunnen FC;LaLiga Hypermotion;30;MC;1981;27;1;0;1.77;1.03;16.0;6.0;24.0;89.3;45.0;49.0;8.0;29.0;40.0;83.0;44.1;64.1;47.0;44.0;69.0;13.0;26.0;45.0;9;0;;;;;2023724
Nevlan Golgio;Lunnen FC;LaLiga Hypermotion;26;Pivote;1049;14;0;0;0.97;1.31;13.0;5.0;11.0;68.4;43.0;17.0;22.0;8.0;53.0;46.0;41.0;61.2;7.0;25.0;97.0;25.0;7.0;21.0;2;0;;;;;1766955
Elikov Corrin;Lunnen FC;LaLiga Hypermotion;25;Delantero centro;2012;24;7;5;7.82;2.74;43.0;17.0;25.0;91.1;72.0;71.0;42.0;23.0;45.0;54.0;66.0;46.5;60.0;66.0;162.0;27.0;27.0;41.0;1;0;;;;;6356767
Elizar Lunfal;Lunnen FC;LaLiga Hypermotion;29;Mediapunta;1831;22;6;2;6.36;4.14;55.0;27.0;37.0;91.2;79.0;42.0;33.0;8.0;68.0;19.0;48.3;64.0;35.0;30.0;193.0;75.0;13.0;16.0;5;0;;;;;3065272
Lunrin Morvic;Lunnen FC;LaLiga Hypermotion;25;MC;1658;27;0;1;3.0;3.6;19.0;4.0;26.0;67.6;93.0;17.0;47.0;18.0;101.0;29.0;33.8;53.3;27.0;27.0;92.0;5.0;16.0;14.0;0;1;;;;;3200267
Nevez Farju;Lunnen FC;LaLiga Hypermotion;19;Lateral derecho;1277;16;0;0;0.37;2.23;16.0;4.0;24.0;84.7;82.0;11.0;21.0;17.0;49.0;52.0;64.4;52.2;32.0;14.0;80.0;50.0;8.0;17.0;2;0;;;;;6340537
Quifal Prarin;Lunnen FC;LaLiga Hypermotion;26;DC;1619;26;1;0;1.25;1.54;12.0;4.0;33.0;75.5;89.0;88.0;12.0;14.0;32.0;60.0;62.6;63.7;18.0;41.0;145.0;69.0;14.0;39.0;8;1;;;;;11608995
Nevju Golpel;Lunnen FC;LaLiga Hypermotion;26;Lateral derecho;752;9;0;0;0.92;1.14;2.0;0.0;5.0;77.7;52.0;8.0;1.0;12.0;49.0;14.0;62.9;55.5;3.0;11.0;42.0;25.0;3.0;17.0;0;0;;;;;450486
Torba Belmir;Lunnen FC;LaLiga Hypermotion;21;Lateral derecho;760;8;0;0;1.48;1.39;2.0;0.0;4.0;75.2;55.0;21.0;14.0;7.0;2.0;14.0;51.2;41.0;11.0;6.0;25.0;26.0;7.0;13.0;0;0;;;;;3084624
Belic Arrin;Elimir FC;LaLiga Hypermotion;31;POR;2462;31;0;0;;;;;11.0;78.6;57.0;119.0;64.0;6.0;34.0;87.0;43.2;51.3;57.0;45.0;125.0;79.0;13.0;36.0;9;1;90.0;25.0;7.0;27.0;1851842
Torrin Belrin;Elimir FC;LaLiga Hypermotion;26;POR;831;9;0;0;;;;;18.0;65.8;41.0;30.0;21.0;10.0;39.0;18.0;43.5;42.1;15.0;18.0;50.0;18.0;1.0;16.0;8;0;24.0;19.0;3.0;8.0;2819196
Jorlan Silez;Elimir FC;LaLiga Hypermotion;21;Mediapunta;1383;19;1;1;1.51;1.33;39.0;10.0;6.0;91.4;90.0;43.0;24.0;5.0;19.0;6.0;47.8;43.8;17.0;21.0;141.0;47.0;7.0;15.0;7;0;;;;;2146589
Luntov Aros;Elimir FC;LaLiga Hypermotion;25;Pivote;1113;13;1;0;1.92;1.53;11.0;3.0;14.0;73.3;66.0;39.0;38.0;5.0;63.0;24.0;49.9;50.0;7.0;23.0;122.0;16.0;11.0;23.0;7;1;;;;;3418434
Farce Tortov;Elimir FC;LaLiga Hypermotion;21;Lateral derecho;1686;21;0;0;2.44;2.15;9.0;3.0;35.0;91.4;112.0;31.0;25.0;11.0;77.0;39.0;58.0;67.1;42.0;61.0;186.0;66.0;10.0;35.0;0;0;;;;;8460139
Henfal Jorlan;Elimir FC;LaLiga Hypermotion;25;Lateral derecho;2652;41;2;2;4.97;5.13;33.0;14.0;18.0;79.1;220.0;100.0;61.0;17.0;17.0;77.0;34.6;62.4;20.0;62.0;122.0;71.0;8.0;37.0;0;0;;;;;4838364
Quilan Morce;Elimir FC;LaLiga Hypermotion;27;MC;1198;18;0;0;2.01;2.57;18.0;6.0;22.0;67.0;60.0;20.0;12.0;19.0;39.0;52.0;40.5;48.1;6.0;30.0;74.0;41.0;5.0;9.0;9;0;;;;;2246840
Silrin Elihus;Elimir FC;LaLiga Hypermotion;23;Extremo izquierdo;2345;31;0;0;0.98;0.33;92.0;44.0;13.0;89.0;86.0;24.0;13.0;23.0;51.0;61.0;56.6;40.4;10.0;15.0;160.0;87.0;20.0;47.0;1;0;;;;;130338
Mortov Torfal;Elimir FC;LaLiga Hypermotion;22;Mediapunta;2469;29;4;2;4.24;3.31;89.0;41.0;56.0;86.9;134.0;38.0;13.0;15.0;112.0;80.0;51.9;48.9;29.0;54.0;208.0;56.0;17.0;52.0;7;0;;;;;6180416
Golfal Rostov;Elimir FC;LaLiga Hypermotion;18;MC;879;15;0;0;0.8;0.29;8.0;3.0;12.0;66.0;30.0;19.0;2.0;10.0;14.0;3.0;48.8;51.5;10.0;9.0;37.0;11.0;9.0;6.0;3;0;;;;;434219
Silic Gollan;Elimir FC;LaLiga Hypermotion;21;Delantero centro;941;12;1;0;1.42;1.02;40.0;20.0;7.0;79.3;21.0;38.0;12.0;5.0;45.0;40.0;48.8;58.0;19.0;11.0;79.0;9.0;8.0;21.0;2;0;;;;;1350314
Elimir Siltov;Elimir FC;LaLiga Hypermotion;24;Lateral derecho;546;6;0;0;0.68;1.26;4.0;1.0;3.0;80.9;45.0;7.0;13.0;3.0;14.0;12.0;30.2;54.2;7.0;15.0;44.0;16.0;6.0;6.0;8;0;;;;;1619895
Artov Henfal;Elimir FC;LaLiga Hypermotion;25;DC;948;11;0;0;0.68;1.14;9.0;4.0;9.0;80.7;60.0;19.0;20.0;4.0;43.0;27.0;57.9;61.4;21.0;6.0;99.0;36.0;3.0;5.0;2;1;;;;;1938662
Danpel Ivalan;Elimir FC;LaLiga Hypermotion;26;Extremo izquierdo;2291;31;3;2;2.72;1.02;41.0;22.0;21.0;91.7;186.0;58.0;8.0;5.0;126.0;13.0;62.4;51.5;51.0;56.0;176.0;55.0;12.0;49.0;8;0;;;;;5289941
Jorvic Ivaju;Elimir FC;LaLiga Hypermotion;30;Pivote;887;15;0;0;1.44;2.31;2.0;0.0;4.0;78.9;24.0;40.0;29.0;3.0;46.0;30.0;54.0;54.1;13.0;29.0;135.0;17.0;9.0;7.0;9;0;;;;;5938258
Nevce Henrin;Elimir FC;LaLiga Hypermotion;22;MC;861;10;0;0;0.65;2.02;6.0;1.0;10.0;79.3;88.0;36.0;20.0;7.0;3.0;26.0;50.8;49.4;14.0;22.0;63.0;34.0;3.0;14.0;9;1;;;;;19668623
Pratov Farhus;Elimir FC;LaLiga Hypermotion;26;Mediapunta;346;4;2;1;2.34;1.47;4.0;1.0;9.0;93.5;12.0;17.0;2.0;3.0;10.0;12.0;38.0;45.9;6.0;7.0;29.0;2.0;1.0;5.0;4;0;;;;;9511741
Aros Arkov;Elimir FC;LaLiga Hypermotion;27;MC;1917;29;1;1;1.71;4.6;24.0;10.0;23.0;91.5;85.0;69.0;18.0;31.0;85.0;43.0;44.7;53.9;9.0;16.0;96.0;23.0;5.0;26.0;4;0;;;;;1712676
Farnen Corvic;Elimir FC;LaLiga Hypermotion;35;DC;983;14;0;0;1.5;2.68;4.0;0.0;4.0;79.0;32.0;34.0;1.0;4.0;59.0;28.0;55.2;46.1;22.0;10.0;83.0;21.0;7.0;12.0;7;0;;;;;1697423
Corce Belce;Elimir FC;LaLiga Hypermotion;23;Lateral derecho;1462;20;0;0;2.54;3.16;11.0;3.0;20.0;86.7;34.0;84.0;29.0;8.0;20.0;62.0;63.7;62.0;18.0;22.0;62.0;25.0;2.0;11.0;0;0;;;;;11030236
Elidin Henkov;Elimir FC;LaLiga Hypermotion;29;Mediapunta;1602;18;1;1;1.6;1.67;67.0;22.0;4.0;91.9;111.0;49.0;5.0;16.0;34.0;52.0;55.3;49.1;8.0;27.0;78.0;33.0;17.0;12.0;1;0;;;;;1623837
Kalez Silzar;Elimir FC;LaLiga Hypermotion;24;Mediapunta;1955;34;4;1;3.64;1.49;91.0;31.0;5.0;68.3;105.0;17.0;30.0;6.0;42.0;24.0;34.2;59.3;56.0;60.0;180.0;73.0;4.0;40.0;7;0;;;;;7244061
Rosju Nevrin;Pralan FC;LaLiga Hypermotion;20;POR;1866;26;0;0;;;;;13.0;86.1;70.0;64.0;11.0;25.0;47.0;76.0;31.7;40.3;37.0;20.0;76.0;67.0;12.0;29.0;8;0;89.0;35.0;4.0;9.0;1775890
Pragio Tornen;Pralan FC;LaLiga Hypermotion;22;POR;2547;42;0;0;;;;;57.0;68.1;197.0;136.0;10.0;22.0;71.0;37.0;69.4;67.6;54.0;54.0;340.0;90.0;29.0;43.0;8;0;112.0;20.0;10.0;33.0;11119368
Torrin Henhus;Pralan FC;LaLiga Hypermotion;20;Delantero centro;894;13;5;3;5.19;1.62;22.0;7.0;4.0;67.7;110.0;23.0;6.0;9.0;12.0;39.0;62.1;60.7;8.0;27.0;57.0;27.0;8.0;16.0;4;0;;;;;23297581
Lunba Lunce;Pralan FC;LaLiga Hypermotion;26;Mediapunta;1748;19;9;7;8.21;3.8;42.0;12.0;12.0;78.7;119.0;34.0;33.0;14.0;63.0;76.0;37.9;60.3;53.0;54.0;193.0;19.0;18.0;14.0;3;0;;;;;15699913
Morrin Ostsen;Pralan FC;LaLiga Hypermotion;22;Delantero centro;2123;23;7;5;8.67;4.94;57.0;27.0;50.0;88.7;64.0;51.0;9.0;17.0;47.0;9.0;32.0;48.8;31.0;54.0;170.0;90.0;22.0;12.0;8;0;;;;;7950321
Hendin Pramir;Pralan FC;LaLiga Hypermotion;24;Mediapunta;1727;28;7;6;9.36;6.21;83.0;27.0;31.0;88.7;100.0;69.0;23.0;21.0;58.0;24.0;44.5;55.8;42.0;49.0;172.0;35.0;8.0;34.0;4;0;;;;;8483822
Arpel Dannen;Pralan FC;LaLiga Hypermotion;28;Delantero centro;875;14;1;0;1.28;0.82;22.0;8.0;7.0;82.1;67.0;28.0;22.0;9.0;40.0;16.0;40.6;53.2;6.0;21.0;88.0;23.0;9.0;4.0;6;0;;;;;3853481
Osthus Henmir;Pralan FC;LaLiga Hypermotion;27;Pivote;765;12;1;0;0.91;0.6;14.0;4.0;14.0;86.2;87.0;24.0;13.0;8.0;4.0;19.0;43.6;64.5;12.0;13.0;119.0;29.0;4.0;17.0;7;0;;;;;17881639
Aros Silgio;Pralan FC;LaLiga Hypermotion;21;Lateral derecho;2146;32;0;1;4.12;1.73;8.0;3.0;24.0;66.3;97.0;27.0;21.0;21.0;29.0;90.0;56.4;60.4;47.0;50.0;196.0;9.0;8.0;32.0;8;0;;;;;3325914
Danvic Elimir;Pralan FC;LaLiga Hypermotion;23;Delantero centro;304;5;1;0;1.33;0.88;6.0;3.0;2.0;71.6;17.0;3.0;4.0;3.0;8.0;13.0;39.4;48.6;6.0;5.0;24.0;9.0;4.0;6.0;5;0;;;;;9980366
Goltov Henba;Pralan FC;LaLiga Hypermotion;24;Lateral derecho;1656;21;0;1;3.02;0.58;25.0;10.0;7.0;81.6;64.0;59.0;11.0;7.0;104.0;20.0;47.3;44.2;19.0;65.0;130.0;64.0;20.0;10.0;1;0;;;;;6185433
Silic Nevsen;Pralan FC;LaLiga Hypermotion;30;MC;1508;25;0;0;2.34;4.1;14.0;5.0;23.0;77.4;40.0;7.0;15.0;8.0;64.0;42.0;41.5;55.1;31.0;36.0;73.0;16.0;4.0;29.0;2;0;;;;;481825
Kalmir Torsen;Pralan FC;LaLiga Hypermotion;28;Mediapunta;2675;31;2;0;1.82;1.71;33.0;17.0;30.0;85.7;159.0;60.0;45.0;18.0;99.0;71.0;55.9;49.4;43.0;40.0;87.0;109.0;33.0;55.0;9;0;;;;;299087
Hennen Belju;Pralan FC;LaLiga Hypermotion;22;MC;2835;45;0;1;1.94;4.99;13.0;5.0;27.0;73.9;271.0;63.0;39.0;7.0;107.0;53.0;34.9;47.7;35.0;32.0;348.0;90.0;24.0;38.0;2;0;;;;;15127317
Kalos Arsen;Pralan FC;LaLiga Hypermotion;24;Delantero centro;2122;29;0;0;0.67;0.62;55.0;26.0;14.0;67.6;87.0;69.0;32.0;19.0;31.0;86.0;55.8;42.5;12.0;17.0;100.0;19.0;6.0;36.0;9;0;;;;;82724
Gollan Golos;Pralan FC;LaLiga Hypermotion;24;Mediapunta;2228;39;13;8;13.33;5.0;59.0;30.0;23.0;67.7;51.0;52.0;57.0;32.0;83.0;15.0;43.9;54.0;49.0;57.0;199.0;25.0;11.0;10.0;7;0;;;;;4970002
Jorkov Arlan;Pralan FC;LaLiga Hypermotion;26;Lateral derecho;2438;30;0;1;3.2;1.7;10.0;2.0;7.0;84.7;107.0;95.0;15.0;26.0;18.0;97.0;42.8;58.3;21.0;41.0;96.0;97.0;10.0;28.0;8;0;;;;;5701828
Torju Lunnen;Pralan FC;LaLiga Hypermotion;25;Extremo izquierdo;1466;17;8;6;9.36;7.15;23.0;9.0;12.0;80.8;98.0;78.0;44.0;2.0;67.0;21.0;31.3;68.4;24.0;29.0;155.0;35.0;5.0;16.0;8;0;;;;;13199160
Luntov Roshus;Pralan FC;LaLiga Hypermotion;24;Lateral derecho;2499;38;0;2;1.66;6.77;40.0;15.0;58.0;89.3;57.0;146.0;64.0;36.0;42.0;17.0;68.7;56.7;24.0;21.0;285.0;58.0;10.0;51.0;4;0;;;;;3746617
Lungio Farmir;Pralan FC;LaLiga Hypermotion;28;Delantero centro;349;5;1;1;1.87;0.58;12.0;3.0;1.0;69.7;34.0;9.0;15.0;1.0;11.0;15.0;62.9;69.1;13.0;5.0;36.0;11.0;1.0;8.0;2;0;;;;;16860295
Farfal Jorzar;Pralan FC;LaLiga Hypermotion;20;Pivote;2273;30;1;2;0.46;4.82;45.0;9.0;46.0;84.7;177.0;95.0;28.0;8.0;63.0;98.0;30.2;61.0;58.0;43.0;209.0;15.0;26.0;35.0;0;0;;;;;6176960
Hensen Kaltov;Pralan FC;LaLiga Hypermotion;22;DC;525;7;0;0;0.44;0.58;2.0;0.0;13.0;67.9;18.0;9.0;8.0;7.0;24.0;22.0;52.0;48.3;14.0;15.0;66.0;8.0;6.0;10.0;5;0;;;;;7874282
Prapel Henvic;Ostnen FC;LaLiga Hypermotion;25;POR;732;12;0;0;;;;;16.0;77.2;18.0;19.0;13.0;2.0;46.0;13.0;53.8;42.4;13.0;21.0;34.0;6.0;10.0;15.0;4;0;36.0;13.0;4.0;2.0;2648598
Tormir Jorzar;Ostnen FC;LaLiga Hypermotion;24;POR;679;8;0;0;;;;;14.0;64.9;12.0;33.0;17.0;1.0;20.0;14.0;53.2;50.2;16.0;20.0;55.0;13.0;6.0;6.0;6;0;34.0;10.0;0.0;4.0;2529492
Arba Arfal;Ostnen FC;LaLiga Hypermotion;30;Mediapunta;1791;27;5;2;7.22;3.72;41.0;12.0;43.0;93.0;202.0;53.0;42.0;3.0;6.0;59.0;40.7;45.6;41.0;27.0;157.0;74.0;22.0;42.0;8;0;;;;;14072313
Ivazar Ivavic;Ostnen FC;LaLiga Hypermotion;33;Extremo izquierdo;1737;25;3;2;3.44;2.36;80.0;35.0;4.0;89.3;99.0;27.0;11.0;16.0;49.0;31.0;54.5;46.1;12.0;11.0;106.0;59.0;9.0;39.0;4;0;;;;;1351064
Danos Henzar;Ostnen FC;LaLiga Hypermotion;25;Delantero centro;1365;23;2;2;2.5;1.62;46.0;13.0;14.0;73.2;90.0;20.0;15.0;17.0;71.0;54.0;48.0;55.2;37.0;19.0;152.0;46.0;17.0;26.0;1;0;;;;;1879823
Jordin Kalsen;Ostnen FC;LaLiga Hypermotion;18;Extremo izquierdo;1908;24;4;2;5.37;4.32;73.0;32.0;36.0;82.5;179.0;65.0;43.0;21.0;95.0;53.0;39.5;53.3;43.0;55.0;113.0;77.0;23.0;15.0;2;0;;;;;7400481
Ostpel Golba;Ostnen FC;LaLiga Hypermotion;28;DC;2034;22;1;2;0.52;5.06;32.0;9.0;5.0;91.5;111.0;60.0;14.0;25.0;15.0;59.0;61.9;46.9;43.0;43.0;198.0;26.0;7.0;12.0;8;0;;;;;2949422
Bellan Morce;Ostnen FC;LaLiga Hypermotion;24;Extremo izquierdo;1498;25;4;3;5.85;3.15;28.0;14.0;11.0;82.3;124.0;59.0;15.0;21.0;15.0;27.0;57.5;52.7;31.0;36.0;118.0;22.0;3.0;28.0;4;1;;;;;3227384
Silju Cornen;Ostnen FC;LaLiga Hypermotion;25;Lateral derecho;1454;23;0;1;1.81;2.69;5.0;1.0;27.0;67.2;103.0;42.0;23.0;10.0;39.0;15.0;51.0;57.2;35.0;19.0;121.0;28.0;6.0;32.0;6;0;;;;;2017806
Morba Kalmir;Ostnen FC;LaLiga Hypermotion;19;DC;1012;12;0;1;0.23;1.23;4.0;1.0;3.0;65.7;83.0;52.0;2.0;11.0;23.0;43.0;38.0;54.5;28.0;33.0;88.0;18.0;11.0;21.0;8;0;;;;;11913722
Elimir Henhus;Ostnen FC;LaLiga Hypermotion;24;Delantero centro;2227;37;13;6;13.25;7.03;90.0;31.0;30.0;76.5;155.0;48.0;39.0;21.0;144.0;95.0;46.8;58.1;18.0;45.0;299.0;70.0;3.0;10.0;4;0;;;;;11139853
Elios Kalsen;Ostnen FC;LaLiga Hypermotion;23;MC;995;14;0;0;1.48;0.93;3.0;0.0;7.0;88.7;70.0;5.0;3.0;16.0;55.0;10.0;66.6;59.9;10.0;22.0;96.0;39.0;6.0;19.0;0;0;;;;;2187512
Ivaos Rosvic;Ostnen FC;LaLiga Hypermotion;20;Extremo izquierdo;2842;33;7;3;7.75;6.01;66.0;26.0;57.0;87.9;215.0;81.0;46.0;47.0;64.0;60.0;65.0;51.2;42.0;47.0;294.0;72.0;17.0;14.0;8;0;;;;;5472026
Quikov Arrin;Ostnen FC;LaLiga Hypermotion;21;MC;1824;23;0;0;3.01;2.05;29.0;11.0;14.0;85.7;115.0;39.0;7.0;13.0;62.0;23.0;55.5;44.1;9.0;38.0;144.0;14.0;7.0;13.0;2;0;;;;;2373026
Belic Kaldin;Ostnen FC;LaLiga Hypermotion;21;Delantero centro;1629;21;8;3;8.88;5.93;49.0;12.0;44.0;79.3;156.0;16.0;13.0;2.0;18.0;37.0;44.2;56.9;22.0;29.0;122.0;25.0;5.0;13.0;8;0;;;;;14398523
Quisen Danvic;Ostnen FC;LaLiga Hypermotion;25;Lateral derecho;1908;25;1;0;3.07;0.48;17.0;5.0;45.0;82.5;160.0;118.0;35.0;31.0;52.0;12.0;54.5;65.1;52.0;22.0;206.0;72.0;24.0;33.0;2;0;;;;;4898827
Arkov Nevgio;Ostnen FC;LaLiga Hypermotion;26;Lateral derecho;1968;29;0;0;1.54;4.69;14.0;6.0;10.0;85.6;175.0;92.0;48.0;9.0;116.0;32.0;69.9;57.2;18.0;17.0;89.0;58.0;9.0;31.0;2;0;;;;;5806064
Henic Quiju;Ostnen FC;LaLiga Hypermotion;18;Delantero centro;1080;12;2;2;2.92;2.26;33.0;12.0;8.0;76.0;85.0;56.0;9.0;15.0;18.0;35.0;38.5;57.0;7.0;19.0;107.0;47.0;11.0;21.0;2;0;;;;;11156133
Silsen Morrin;Ostnen FC;LaLiga Hypermotion;31;Pivote;1856;23;0;1;3.43;2.19;33.0;13.0;45.0;92.1;139.0;54.0;19.0;12.0;90.0;22.0;69.7;59.0;52.0;27.0;243.0;14.0;4.0;21.0;5;0;;;;;10550289
Henos Nevpel;Ostnen FC;LaLiga Hypermotion;21;Pivote;1457;19;0;1;2.22;0.34;11.0;3.0;12.0;66.4;88.0;30.0;9.0;5.0;25.0;27.0;61.6;64.4;9.0;19.0;103.0;4.0;18.0;12.0;4;0;;;;;2366447
Belvic Farkov;Ostnen FC;LaLiga Hypermotion;25;Mediapunta;1763;24;1;0;2.08;1.22;24.0;10.0;33.0;75.8;94.0;63.0;9.0;16.0;88.0;32.0;44.0;44.6;19.0;41.0;153.0;12.0;19.0;22.0;8;0;;;;;1422949
Jorlan Jormir;Ostnen FC;LaLiga Hypermotion;21;Delantero centro;2368;35;7;5;8.24;4.33;109.0;46.0;46.0;67.3;71.0;56.0;28.0;34.0;105.0;20.0;50.1;47.6;50.0;58.0;193.0;47.0;25.0;11.0;7;0;;;;;5653894
Belgio Jorsen;Golce FC;LaLiga Hypermotion;21;POR;1037;17;0;0;;;;;8.0;88.1;97.0;41.0;29.0;2.0;69.0;7.0;45.7;59.2;25.0;23.0;76.0;4.0;6.0;6.0;7;0;45.0;10.0;8.0;5.0;5184785
Henzar Farju;Golce FC;LaLiga Hypermotion;29;POR;1424;20;0;0;;;;;30.0;88.5;89.0;87.0;11.0;23.0;4.0;9.0;33.8;50.2;37.0;25.0;85.0;4.0;11.0;21.0;9;0;67.0;15.0;8.0;20.0;5981710
Nevzar Silnen;Golce FC;LaLiga Hypermotion;18;Delantero centro;2735;47;8;6;9.17;6.02;109.0;36.0;42.0;71.5;109.0;113.0;45.0;14.0;77.0;103.0;59.7;65.3;87.0;34.0;357.0;17.0;21.0;55.0;1;0;;;;;13900314
Belba Aric;Golce FC;LaLiga Hypermotion;21;Lateral derecho;1569;20;1;1;2.86;0.63;6.0;2.0;14.0;81.3;104.0;43.0;11.0;15.0;15.0;67.0;49.0;49.3;22.0;29.0;122.0;32.0;11.0;20.0;3;0;;;;;8257679
Nevhus Pragio;Golce FC;LaLiga Hypermotion;26;Pivote;1187;14;0;0;0.54;0.88;2.0;0.0;20.0;72.9;90.0;46.0;19.0;17.0;22.0;28.0;44.0;57.6;15.0;40.0;116.0;27.0;4.0;15.0;8;0;;;;;4752900
Kalgio Silnen;Golce FC;LaLiga Hypermotion;23;Extremo izquierdo;1572;17;3;1;2.64;2.71;18.0;8.0;33.0;72.3;155.0;38.0;13.0;22.0;51.0;44.0;31.9;45.1;40.0;51.0;141.0;15.0;13.0;23.0;5;0;;;;;13033737
Morba Quiba;Golce FC;LaLiga Hypermotion;20;DC;1933;30;1;2;1.72;2.86;21.0;6.0;34.0;72.8;142.0;74.0;53.0;10.0;82.0;17.0;69.3;42.0;12.0;20.0;174.0;74.0;24.0;27.0;8;0;;;;;8465021
Arvic Fargio;Golce FC;LaLiga Hypermotion;30;Mediapunta;2133;28;1;0;2.17;1.62;61.0;32.0;30.0;93.0;143.0;84.0;21.0;17.0;83.0;71.0;68.5;42.8;33.0;32.0;210.0;29.0;16.0;35.0;0;0;;;;;1233992
Faric Gollan;Golce FC;LaLiga Hypermotion;27;Lateral derecho;2522;33;3;5;3.02;6.77;41.0;18.0;23.0;95.5;98.0;120.0;24.0;30.0;108.0;38.0;65.6;61.7;46.0;66.0;248.0;14.0;24.0;35.0;8;0;;;;;19262649
Mormir Nevgio;Golce FC;LaLiga Hypermotion;22;Pivote;2666;32;1;1;3.16;6.91;37.0;7.0;19.0;91.1;128.0;148.0;79.0;29.0;85.0;30.0;43.2;46.3;72.0;80.0;125.0;39.0;24.0;36.0;5;0;;;;;5727911
Henhus Henvic;Golce FC;LaLiga Hypermotion;21;MC;2677;36;2;2;1.23;2.69;45.0;15.0;30.0;72.2;262.0;53.0;90.0;12.0;97.0;96.0;30.0;65.5;86.0;35.0;236.0;67.0;34.0;58.0;8;0;;;;;17115692
Belpel Ostmir;Golce FC;LaLiga Hypermotion;22;Lateral derecho;1423;18;2;1;1.69;1.13;9.0;2.0;33.0;79.0;137.0;23.0;5.0;13.0;34.0;16.0;48.6;54.5;21.0;25.0;111.0;11.0;18.0;9.0;4;1;;;;;12578063
Silos Jordin;Golce FC;LaLiga Hypermotion;25;Extremo izquierdo;2131;25;3;2;3.15;1.48;51.0;25.0;17.0;65.8;43.0;51.0;26.0;8.0;23.0;61.0;45.9;41.9;14.0;49.0;213.0;31.0;22.0;44.0;0;0;;;;;2053934
Ostnen Corkov;Golce FC;LaLiga Hypermotion;22;Mediapunta;2060;26;0;0;0.86;0.68;93.0;31.0;4.0;86.5;108.0;17.0;35.0;5.0;24.0;9.0;46.7;40.5;8.0;16.0;68.0;70.0;18.0;42.0;4;1;;;;;372549
Quipel Quisen;Golce FC;LaLiga Hypermotion;20;Mediapunta;1349;21;5;4;5.74;2.37;53.0;26.0;6.0;88.2;106.0;37.0;36.0;5.0;7.0;37.0;41.2;63.4;8.0;30.0;56.0;56.0;2.0;32.0;0;0;;;;;5192951
Kalmir Ivaba;Golce FC;LaLiga Hypermotion;25;Extremo izquierdo;1037;13;3;2;3.7;2.02;50.0;12.0;10.0;90.4;31.0;54.0;44.0;13.0;8.0;25.0;50.2;44.5;28.0;32.0;89.0;42.0;1.0;7.0;4;0;;;;;11706935
Nevnen Roskov;Golce FC;LaLiga Hypermotion;25;Delantero centro;2753;37;14;9;14.7;12.61;61.0;18.0;65.0;86.2;59.0;103.0;16.0;29.0;28.0;93.0;53.5;52.1;76.0;68.0;134.0;112.0;35.0;45.0;5;0;;;;;7461593
Kalju Golpel;Golce FC;LaLiga Hypermotion;31;Extremo izquierdo;2635;34;8;4;10.54;4.72;35.0;11.0;46.0;85.2;157.0;97.0;66.0;38.0;80.0;113.0;57.5;62.6;50.0;49.0;263.0;96.0;6.0;29.0;9;0;;;;;1745568
Belba Henfal;Golce FC;LaLiga Hypermotion;25;Lateral derecho;2003;26;0;0;2.71;1.38;30.0;9.0;16.0;65.5;86.0;60.0;37.0;30.0;36.0;29.0;65.8;60.4;21.0;14.0;100.0;47.0;26.0;23.0;4;0;;;;;818142
Coros Beldin;Golce FC;LaLiga Hypermotion;20;Extremo izquierdo;312;5;0;0;0.81;0.35;5.0;1.0;6.0;65.6;6.0;16.0;3.0;3.0;3.0;12.0;44.2;54.6;2.0;3.0;16.0;10.0;4.0;2.0;3;0;;;;;7075101
Nevgio Hennen;Golce FC;LaLiga Hypermotion;21;Extremo izquierdo;1508;18;5;4;6.66;3.82;23.0;7.0;26.0;84.0;44.0;42.0;30.0;1.0;48.0;32.0;65.6;48.4;25.0;14.0;60.0;51.0;15.0;7.0;2;0;;;;;9053535
Silpel Pragio;Golce FC;LaLiga Hypermotion;35;DC;1547;26;0;0;0.78;3.48;28.0;12.0;6.0;87.2;25.0;42.0;28.0;19.0;30.0;16.0;69.4;52.1;7.0;26.0;57.0;50.0;3.0;24.0;7;0;;;;;1064282
Quiju Corvic;Henfal FC;LaLiga Hypermotion;26;POR;1823;20;0;0;;;;;5.0;75.9;125.0;83.0;10.0;29.0;88.0;60.0;31.7;60.2;38.0;31.0;166.0;10.0;16.0;22.0;0;1;56.0;41.0;7.0;10.0;4796005
Torce Lunic;Henfal FC;LaLiga Hypermotion;23;POR;2597;41;0;0;;;;;79.0;82.0;73.0;165.0;8.0;38.0;162.0;52.0;36.1;60.9;51.0;106.0;198.0;79.0;25.0;38.0;5;0;85.0;36.0;10.0;16.0;14406886
Ostos Quinen;Henfal FC;LaLiga Hypermotion;23;Lateral derecho;1241;21;0;0;2.41;2.35;22.0;5.0;6.0;87.3;118.0;78.0;17.0;20.0;52.0;45.0;44.0;51.1;31.0;26.0;134.0;35.0;7.0;26.0;0;0;;;;;3855156
Rosba Corce;Henfal FC;LaLiga Hypermotion;22;Lateral derecho;1182;16;2;0;1.03;2.14;19.0;6.0;12.0;86.4;139.0;81.0;54.0;16.0;61.0;8.0;64.4;52.9;14.0;16.0;120.0;24.0;13.0;22.0;3;0;;;;;13618259
Quice Lunsen;Henfal FC;LaLiga Hypermotion;29;Extremo izquierdo;2258;33;6;3;6.41;3.34;88.0;22.0;48.0;79.4;106.0;137.0;37.0;28.0;100.0;14.0;67.5;50.3;50.0;32.0;187.0;13.0;26.0;52.0;9;0;;;;;4729400
Cormir Golhus;Henfal FC;LaLiga Hypermotion;24;Delantero centro;1967;25;2;0;2.92;1.8;83.0;24.0;16.0;73.2;73.0;22.0;9.0;22.0;47.0;87.0;30.5;51.6;14.0;41.0;174.0;47.0;24.0;41.0;3;0;;;;;1756528
Arvic Quiez;Henfal FC;LaLiga Hypermotion;25;Extremo izquierdo;1348;19;5;3;6.42;1.88;64.0;31.0;34.0;70.2;41.0;23.0;39.0;20.0;63.0;59.0;52.8;48.7;42.0;57.0;89.0;12.0;10.0;31.0;0;0;;;;;9243809
Henkov Belic;Henfal FC;LaLiga Hypermotion;29;MC;2207;35;0;0;4.31;2.31;14.0;4.0;11.0;82.4;67.0;71.0;68.0;1.0;147.0;41.0;44.3;55.2;55.0;64.0;101.0;39.0;28.0;50.0;4;0;;;;;5409165
Corrin Quiez;Henfal FC;LaLiga Hypermotion;17;Mediapunta;715;10;2;1;2.63;0.89;14.0;4.0;5.0;91.3;64.0;15.0;10.0;5.0;10.0;15.0;40.4;65.7;5.0;19.0;95.0;26.0;8.0;16.0;4;0;;;;;19980113
Arzar Nevsen;Henfal FC;LaLiga Hypermotion;23;Extremo izquierdo;2275;41;5;3;5.25;3.6;68.0;33.0;16.0;85.8;58.0;103.0;49.0;33.0;11.0;15.0;42.7;53.7;32.0;24.0;203.0;93.0;27.0;23.0;8;0;;;;;7603070
Farrin Belez;Henfal FC;LaLiga Hypermotion;31;DC;1065;12;0;0;0.74;2.62;17.0;6.0;12.0;81.9;51.0;21.0;10.0;8.0;13.0;45.0;42.7;56.0;22.0;14.0;44.0;22.0;8.0;17.0;5;0;;;;;402456
Nevhus Corlan;Henfal FC;LaLiga Hypermotion;25;Pivote;1576;23;0;0;0.22;3.64;19.0;4.0;14.0;80.9;20.0;46.0;32.0;16.0;60.0;16.0;49.5;41.1;30.0;10.0;71.0;43.0;7.0;17.0;7;0;;;;;302314
Corgio Silzar;Henfal FC;LaLiga Hypermotion;20;Pivote;1703;27;2;2;3.35;2.04;17.0;6.0;42.0;68.6;45.0;80.0;9.0;24.0;49.0;29.0;44.2;62.1;44.0;58.0;89.0;60.0;4.0;29.0;6;0;;;;;18041417
Belrin Goldin;Henfal FC;LaLiga Hypermotion;23;DC;492;8;0;0;0.52;0.31;8.0;1.0;7.0;78.3;20.0;18.0;17.0;6.0;13.0;13.0;37.1;49.4;11.0;8.0;29.0;3.0;4.0;11.0;0;0;;;;;7736680
Ostju Jorfal;Henfal FC;LaLiga Hypermotion;35;DC;1932;29;1;1;3.45;4.01;7.0;1.0;18.0;70.7;141.0;83.0;27.0;20.0;37.0;68.0;58.4;51.0;28.0;52.0;154.0;83.0;6.0;11.0;3;0;;;;;981418
Kalfal Elitov;Henfal FC;LaLiga Hypermotion;27;DC;1333;23;0;1;1.88;2.3;22.0;8.0;17.0;83.7;89.0;8.0;7.0;7.0;5.0;58.0;58.9;45.3;12.0;13.0;63.0;33.0;14.0;27.0;3;0;;;;;4091331
Golzar Prakov;Henfal FC;LaLiga Hypermotion;30;Mediapunta;1768;20;8;5;9.7;5.68;83.0;33.0;39.0;76.4;93.0;37.0;52.0;29.0;38.0;18.0;39.5;64.7;59.0;62.0;171.0;75.0;7.0;40.0;4;0;;;;;14001687
Farnen Belrin;Henfal FC;LaLiga Hypermotion;21;DC;2795;31;1;1;5.43;1.44;42.0;13.0;48.0;86.2;222.0;42.0;58.0;25.0;32.0;10.0;44.2;50.5;45.0;20.0;178.0;69.0;14.0;53.0;4;0;;;;;2526195
Jorzar Torsen;Henfal FC;LaLiga Hypermotion;30;MC;482;6;0;0;0.65;1.32;5.0;1.0;3.0;75.0;17.0;14.0;3.0;6.0;22.0;4.0;32.5;56.7;9.0;3.0;41.0;7.0;3.0;5.0;5;0;;;;;945021
Aros Lunba;Henfal FC;LaLiga Hypermotion;28;Lateral derecho;1882;27;0;3;1.04;1.39;32.0;8.0;52.0;67.5;62.0;15.0;48.0;5.0;24.0;42.0;57.2;58.3;44.0;42.0;240.0;79.0;3.0;25.0;5;0;;;;;6997343
Cormir Arpel;Henfal FC;LaLiga Hypermotion;20;Pivote;2331;34;0;0;4.03;3.31;18.0;7.0;23.0;74.0;87.0;21.0;31.0;10.0;46.0;25.0;33.0;44.5;18.0;28.0;157.0;79.0;4.0;54.0;9;0;;;;;1871807
Silhus Ostba;Henfal FC;LaLiga Hypermotion;21;Mediapunta;1885;23;2;1;2.84;1.86;47.0;22.0;26.0;85.9;33.0;74.0;39.0;20.0;34.0;39.0;35.1;40.4;10.0;18.0;158.0;52.0;19.0;44.0;4;0;;;;;1233040
Rosnen Torpel;Morgio FC;LaLiga Hypermotion;23;POR;1803;21;0;0;;;;;26.0;84.8;167.0;115.0;17.0;6.0;19.0;28.0;35.2;60.0;56.0;58.0;163.0;10.0;22.0;32.0;4;0;66.0;32.0;6.0;27.0;12380790
Kalez Osttov;Morgio FC;LaLiga Hypermotion;35;POR;1402;18;0;0;;;;;9.0;83.0;97.0;32.0;18.0;3.0;52.0;31.0;54.6;48.5;9.0;22.0;123.0;8.0;6.0;28.0;4;0;74.0;34.0;0.0;7.0;1169051
Morez Nevsen;Morgio FC;LaLiga Hypermotion;25;MC;2569;30;1;1;1.59;2.18;26.0;10.0;29.0;76.6;276.0;35.0;14.0;26.0;116.0;16.0;59.8;62.9;83.0;96.0;241.0;63.0;21.0;14.0;6;0;;;;;6715213
Jorvic Arez;Morgio FC;LaLiga Hypermotion;27;Extremo izquierdo;1434;16;3;1;2.8;1.51;61.0;32.0;16.0;79.3;50.0;62.0;18.0;3.0;87.0;25.0;40.9;58.6;47.0;31.0;178.0;44.0;18.0;17.0;9;0;;;;;4414639
Dangio Danmir;Morgio FC;LaLiga Hypermotion;22;Pivote;2208;38;0;0;4.11;1.37;43.0;17.0;19.0;84.1;125.0;71.0;17.0;27.0;132.0;37.0;49.0;46.2;10.0;40.0;70.0;81.0;15.0;30.0;9;0;;;;;68624
Nevju Arfal;Morgio FC;LaLiga Hypermotion;18;Extremo izquierdo;2409;26;9;6;8.59;5.75;72.0;30.0;50.0;86.9;222.0;108.0;16.0;39.0;40.0;41.0;34.5;58.6;39.0;70.0;170.0;31.0;12.0;57.0;5;0;;;;;7749437
Elihus Farlan;Morgio FC;LaLiga Hypermotion;22;Pivote;2067;35;2;1;2.08;4.31;27.0;7.0;20.0;71.8;118.0;79.0;15.0;20.0;100.0;22.0;56.8;62.3;59.0;44.0;94.0;40.0;3.0;10.0;8;0;;;;;18507359
Belkov Belkov;Morgio FC;LaLiga Hypermotion;31;Mediapunta;1378;16;4;2;3.63;2.02;37.0;13.0;15.0;90.2;32.0;10.0;12.0;20.0;18.0;42.0;45.3;49.3;25.0;36.0;77.0;39.0;2.0;21.0;3;0;;;;;4643868
Golmir Silzar;Morgio FC;LaLiga Hypermotion;30;Delantero centro;2895;39;4;2;3.88;1.78;40.0;13.0;32.0;76.2;70.0;31.0;52.0;25.0;148.0;112.0;47.8;41.4;23.0;40.0;170.0;118.0;32.0;21.0;7;0;;;;;1654226
Belju Silrin;Morgio FC;LaLiga Hypermotion;33;MC;2852;45;2;1;0.87;6.89;42.0;16.0;15.0;83.6;111.0;82.0;105.0;5.0;101.0;92.0;61.7;63.8;33.0;115.0;171.0;119.0;17.0;54.0;9;0;;;;;17724418
Nevvic Jorrin;Morgio FC;LaLiga Hypermotion;21;Mediapunta;1386;22;5;3;5.42;2.28;39.0;20.0;21.0;72.3;48.0;32.0;6.0;21.0;34.0;57.0;31.7;45.5;22.0;31.0;99.0;55.0;6.0;25.0;5;0;;;;;10362333
Eliic Belsen;Morgio FC;LaLiga Hypermotion;22;Extremo izquierdo;2051;35;5;4;4.82;2.43;77.0;39.0;9.0;70.1;214.0;21.0;11.0;4.0;35.0;78.0;52.8;48.8;14.0;23.0;149.0;53.0;13.0;10.0;0;0;;;;;13084903
Morba Golce;Morgio FC;LaLiga Hypermotion;26;Delantero centro;1621;20;5;4;4.86;2.39;33.0;16.0;23.0;79.0;149.0;31.0;44.0;19.0;63.0;58.0;56.3;64.6;13.0;21.0;140.0;71.0;15.0;21.0;4;0;;;;;6992629
Ostos Farkov;Morgio FC;LaLiga Hypermotion;26;Mediapunta;2099;28;1;0;1.6;0.79;35.0;15.0;11.0;66.4;66.0;37.0;24.0;29.0;50.0;40.0;47.0;40.0;34.0;24.0;172.0;34.0;12.0;45.0;2;0;;;;;314226
Torez Arnen;Morgio FC;LaLiga Hypermotion;19;DC;1067;11;0;0;1.18;2.61;4.0;0.0;14.0;90.8;49.0;40.0;27.0;7.0;61.0;12.0;47.0;46.6;7.0;9.0;66.0;31.0;7.0;9.0;3;1;;;;;3391803
Morju Beldin;Morgio FC;LaLiga Hypermotion;21;DC;697;9;0;0;0.73;0.16;4.0;1.0;6.0;91.4;24.0;30.0;26.0;4.0;35.0;6.0;47.1;44.3;18.0;21.0;64.0;18.0;4.0;13.0;2;1;;;;;8081996
Praju Kaldin;Morgio FC;LaLiga Hypermotion;23;MC;1461;21;1;1;2.51;0.95;14.0;4.0;15.0;68.4;122.0;53.0;20.0;17.0;52.0;45.0;57.7;47.5;18.0;33.0;155.0;12.0;2.0;16.0;3;0;;;;;4303376
Prazar Silvic;Morgio FC;LaLiga Hypermotion;30;Lateral derecho;1340;20;0;1;1.62;3.72;16.0;6.0;22.0;71.6;104.0;22.0;39.0;18.0;64.0;30.0;68.1;62.1;25.0;43.0;76.0;11.0;13.0;23.0;2;0;;;;;7056760
Rosos Praos;Morgio FC;LaLiga Hypermotion;23;Mediapunta;801;10;2;0;2.51;1.74;14.0;7.0;6.0;94.0;94.0;45.0;8.0;5.0;11.0;5.0;55.7;67.6;14.0;9.0;48.0;29.0;6.0;5.0;1;0;;;;;20987364
Gollan Kalfal;Morgio FC;LaLiga Hypermotion;34;Extremo izquierdo;1733;22;3;1;3.91;2.95;31.0;14.0;28.0;89.7;27.0;73.0;39.0;5.0;20.0;28.0;39.6;47.3;26.0;17.0;122.0;69.0;21.0;27.0;7;1;;;;;1105336
Mortov Jorpel;Morgio FC;LaLiga Hypermotion;21;Lateral derecho;2454;36;1;2;4.66;1.53;8.0;1.0;8.0;79.7;192.0;79.0;64.0;2.0;129.0;72.0;54.7;46.7;30.0;47.0;217.0;89.0;13.0;12.0;1;0;;;;;7780893
Ivaez Danpel;Morgio FC;LaLiga Hypermotion;24;Pivote;1461;18;0;1;2.74;1.62;10.0;3.0;26.0;87.6;56.0;12.0;21.0;22.0;24.0;64.0;49.4;51.7;19.0;12.0;169.0;10.0;7.0;17.0;0;0;;;;;2643950
Quice Jornen;Lunkov FC;LaLiga Hypermotion;18;POR;2511;32;0;0;;;;;40.0;94.3;228.0;137.0;5.0;19.0;26.0;65.0;65.5;50.2;23.0;39.0;275.0;109.0;6.0;59.0;6;0;111.0;37.0;15.0;26.0;10203460
Golmir Farrin;Lunkov FC;LaLiga Hypermotion;18;POR;728;9;0;0;;;;;16.0;82.8;40.0;13.0;19.0;7.0;15.0;15.0;36.2;61.4;12.0;9.0;81.0;22.0;6.0;14.0;7;0;25.0;11.0;3.0;6.0;6142629
Joros Praos;Lunkov FC;LaLiga Hypermotion;19;Extremo izquierdo;370;5;0;0;0.73;0.4;4.0;1.0;2.0;75.1;22.0;10.0;8.0;3.0;6.0;16.0;44.6;55.9;5.0;6.0;19.0;6.0;0.0;4.0;9;1;;;;;1058589
Henzar Ostdin;Lunkov FC;LaLiga Hypermotion;26;Extremo izquierdo;1051;14;5;4;5.43;1.91;47.0;18.0;4.0;94.9;47.0;39.0;22.0;12.0;37.0;7.0;66.1;59.5;19.0;34.0;49.0;40.0;14.0;19.0;9;0;;;;;11167405
Corzar Nevpel;Lunkov FC;LaLiga Hypermotion;29;Lateral derecho;1930;27;0;2;1.27;3.77;14.0;2.0;14.0;82.4;67.0;102.0;34.0;5.0;93.0;75.0;61.8;68.3;58.0;21.0;197.0;78.0;10.0;11.0;3;0;;;;;8736073
Danvic Nevvic;Lunkov FC;LaLiga Hypermotion;30;MC;2311;25;0;0;1.07;2.03;11.0;2.0;18.0;77.1;120.0;84.0;54.0;35.0;106.0;60.0;61.5;63.2;58.0;56.0;260.0;17.0;12.0;20.0;7;0;;;;;12193825
Praos Torba;Lunkov FC;LaLiga Hypermotion;19;Pivote;1975;22;0;1;1.17;0.91;21.0;5.0;33.0;83.4;123.0;97.0;51.0;7.0;127.0;9.0;43.6;46.1;26.0;34.0;124.0;52.0;14.0;25.0;7;0;;;;;13051246
Belez Prafal;Lunkov FC;LaLiga Hypermotion;27;DC;775;13;0;0;0.9;1.82;3.0;1.0;14.0;82.9;60.0;9.0;14.0;12.0;32.0;15.0;39.3;48.8;12.0;8.0;39.0;32.0;10.0;12.0;9;0;;;;;1975007
Jorgio Danvic;Lunkov FC;LaLiga Hypermotion;31;Mediapunta;900;10;6;2;7.04;2.35;22.0;5.0;10.0;88.1;90.0;50.0;14.0;13.0;53.0;11.0;41.2;54.2;6.0;21.0;77.0;14.0;2.0;18.0;7;1;;;;;12127905
Hendin Belrin;Lunkov FC;LaLiga Hypermotion;24;Pivote;1520;21;1;0;0.86;0.43;19.0;8.0;9.0;81.0;90.0;57.0;22.0;6.0;79.0;53.0;45.4;65.6;20.0;41.0;176.0;63.0;2.0;35.0;1;0;;;;;4933039
Arzar Silvic;Lunkov FC;LaLiga Hypermotion;33;Pivote;1519;22;2;3;1.15;3.04;4.0;1.0;19.0;89.9;140.0;113.0;23.0;2.0;36.0;41.0;53.1;67.3;27.0;28.0;194.0;52.0;16.0;34.0;2;0;;;;;17669627
Quiic Rospel;Lunkov FC;LaLiga Hypermotion;25;Extremo izquierdo;1666;22;1;0;1.48;0.86;69.0;25.0;6.0;68.9;28.0;50.0;26.0;2.0;59.0;73.0;39.4;54.8;31.0;21.0;96.0;11.0;14.0;10.0;6;0;;;;;138886
Silba Ostzar;Lunkov FC;LaLiga Hypermotion;18;Delantero centro;1867;24;8;2;7.01;4.23;57.0;15.0;23.0;77.4;213.0;67.0;40.0;25.0;58.0;13.0;34.2;47.2;29.0;42.0;173.0;79.0;9.0;39.0;2;0;;;;;29079207
Belce Ivaic;Lunkov FC;LaLiga Hypermotion;22;Extremo izquierdo;572;7;1;1;1.87;1.32;15.0;4.0;9.0;76.3;46.0;23.0;6.0;3.0;6.0;7.0;30.4;52.3;9.0;5.0;42.0;24.0;7.0;4.0;0;0;;;;;2440213
Nevez Lunzar;Lunkov FC;LaLiga Hypermotion;20;Lateral derecho;655;7;0;0;0.59;0.67;12.0;2.0;3.0;66.8;36.0;27.0;9.0;7.0;38.0;15.0;60.1;58.6;10.0;16.0;36.0;7.0;2.0;6.0;6;0;;;;;787098
Torce Golgio;Lunkov FC;LaLiga Hypermotion;23;DC;1742;21;0;1;2.66;2.36;29.0;13.0;5.0;91.8;130.0;30.0;3.0;5.0;94.0;12.0;64.5;43.1;21.0;38.0;66.0;41.0;20.0;8.0;9;0;;;;;5609432
Ostgio Osttov;Lunkov FC;LaLiga Hypermotion;22;MC;1961;27;0;2;0.64;5.3;31.0;9.0;33.0;96.1;181.0;131.0;28.0;25.0;42.0;16.0;56.2;46.9;65.0;33.0;143.0;5.0;7.0;38.0;7;0;;;;;34397821
Roskov Golju;Lunkov FC;LaLiga Hypermotion;26;Extremo izquierdo;751;9;2;0;2.31;1.65;15.0;4.0;10.0;80.0;77.0;25.0;9.0;12.0;10.0;12.0;60.5;48.3;10.0;26.0;37.0;13.0;1.0;6.0;4;0;;;;;6884819
Golce Golgio;Lunkov FC;LaLiga Hypermotion;22;DC;723;8;0;0;1.1;0.77;5.0;1.0;9.0;66.4;32.0;41.0;14.0;1.0;30.0;13.0;66.6;65.2;8.0;8.0;39.0;24.0;4.0;13.0;6;0;;;;;3257715
Belce Henhus;Lunkov FC;LaLiga Hypermotion;24;Lateral derecho;712;9;0;0;0.74;1.79;11.0;2.0;12.0;76.5;28.0;7.0;25.0;4.0;40.0;11.0;65.3;52.2;6.0;17.0;52.0;25.0;3.0;10.0;3;0;;;;;7668380
Ostic Faros;Lunkov FC;LaLiga Hypermotion;29;MC;890;13;0;0;0.43;2.24;8.0;3.0;8.0;82.6;32.0;27.0;15.0;8.0;11.0;7.0;38.2;54.1;6.0;12.0;88.0;32.0;8.0;13.0;3;0;;;;;2339316
Danpel Quisen;Lunkov FC;LaLiga Hypermotion;21;MC;1264;16;0;1;1.32;3.3;14.0;5.0;20.0;87.0;78.0;13.0;19.0;16.0;57.0;19.0;63.6;47.2;17.0;36.0;145.0;17.0;7.0;21.0;9;0;;;;;6360428
Roskov Lunba;Silos FC;LaLiga Hypermotion;20;POR;1396;20;0;0;;;;;14.0;79.8;125.0;55.0;30.0;21.0;28.0;12.0;45.0;57.7;21.0;20.0;173.0;56.0;18.0;34.0;5;0;62.0;18.0;3.0;17.0;9603545
Corkov Farrin;Silos FC;LaLiga Hypermotion;29;POR;1459;20;0;0;;;;;35.0;84.6;109.0;74.0;57.0;5.0;70.0;19.0;54.7;68.7;15.0;45.0;110.0;5.0;16.0;25.0;0;0;44.0;22.0;2.0;9.0;5774807
Kalsen Morhus;Silos FC;LaLiga Hypermotion;23;Mediapunta;1233;17;2;0;2.82;1.1;58.0;29.0;25.0;72.9;38.0;19.0;5.0;9.0;8.0;16.0;58.5;64.7;24.0;25.0;140.0;8.0;3.0;14.0;0;2;;;;;13600553
Morvic Pratov;Silos FC;LaLiga Hypermotion;25;Mediapunta;1749;24;6;3;5.75;4.09;72.0;25.0;38.0;75.9;63.0;83.0;56.0;21.0;43.0;70.0;43.3;56.1;19.0;44.0;101.0;74.0;15.0;20.0;1;0;;;;;11530690
Quigio Luntov;Silos FC;LaLiga Hypermotion;33;Pivote;1027;15;1;1;0.69;2.25;16.0;7.0;24.0;79.4;29.0;36.0;11.0;9.0;36.0;4.0;57.1;66.8;30.0;20.0;94.0;22.0;9.0;20.0;8;0;;;;;3742015
Kallan Kalmir;Silos FC;LaLiga Hypermotion;20;Extremo izquierdo;1449;22;7;4;7.48;3.91;66.0;30.0;12.0;68.4;138.0;53.0;34.0;2.0;38.0;62.0;43.1;59.2;41.0;44.0;153.0;57.0;8.0;11.0;2;0;;;;;14730122
Kalce Hengio;Silos FC;LaLiga Hypermotion;21;Pivote;2037;33;0;0;1.5;3.28;40.0;9.0;28.0;89.1;47.0;104.0;39.0;7.0;75.0;42.0;50.9;45.5;46.0;36.0;139.0;72.0;15.0;19.0;2;0;;;;;5753076
Lunez Henos;Silos FC;LaLiga Hypermotion;24;MC;2045;36;1;0;3.96;4.99;12.0;4.0;10.0;71.8;130.0;47.0;8.0;16.0;77.0;39.0;43.1;46.2;48.0;75.0;138.0;36.0;17.0;20.0;8;0;;;;;10031149
Pralan Pradin;Silos FC;LaLiga Hypermotion;33;Delantero centro;2700;30;3;2;3.76;2.85;111.0;42.0;46.0;69.3;135.0;115.0;7.0;9.0;142.0;82.0;60.9;57.8;33.0;53.0;157.0;39.0;7.0;58.0;9;0;;;;;1459599
Ostic Ostba;Silos FC;LaLiga Hypermotion;27;Delantero centro;2855;35;13;10;11.15;7.97;35.0;14.0;23.0;76.1;75.0;103.0;53.0;25.0;101.0;54.0;52.4;54.9;52.0;61.0;144.0;65.0;16.0;39.0;8;0;;;;;12478047
Silsen Ostez;Silos FC;LaLiga Hypermotion;29;DC;2112;27;3;0;1.94;5.01;35.0;13.0;22.0;67.5;239.0;29.0;27.0;26.0;31.0;55.0;49.7;68.6;28.0;25.0;236.0;74.0;24.0;29.0;5;0;;;;;22078752
Golmir Silba;Silos FC;LaLiga Hypermotion;33;Mediapunta;1548;18;1;1;1.87;0.88;36.0;11.0;28.0;77.2;39.0;10.0;11.0;16.0;72.0;45.0;35.2;50.8;14.0;27.0;76.0;12.0;5.0;13.0;6;0;;;;;1658840
Silba Fargio;Silos FC;LaLiga Hypermotion;22;Lateral derecho;1568;22;0;2;1.96;4.04;5.0;1.0;26.0;79.7;150.0;54.0;67.0;9.0;96.0;8.0;43.3;60.2;25.0;42.0;178.0;58.0;13.0;34.0;0;0;;;;;25093922
Nevmir Farrin;Silos FC;LaLiga Hypermotion;22;Pivote;1341;20;1;1;2.61;0.51;24.0;9.0;11.0;93.4;27.0;46.0;4.0;21.0;30.0;42.0;66.2;54.2;28.0;17.0;107.0;6.0;14.0;23.0;6;0;;;;;12965794
Prakov Rosvic;Silos FC;LaLiga Hypermotion;22;Extremo izquierdo;1703;21;6;4;5.16;2.8;55.0;17.0;26.0;85.5;79.0;39.0;42.0;28.0;89.0;41.0;69.2;55.4;33.0;43.0;81.0;46.0;21.0;24.0;0;0;;;;;3446307
Rosmir Eliez;Silos FC;LaLiga Hypermotion;26;Mediapunta;1223;15;6;3;6.72;2.4;58.0;20.0;15.0;96.5;73.0;57.0;16.0;13.0;30.0;38.0;59.8;59.7;45.0;16.0;86.0;12.0;11.0;10.0;0;0;;;;;15327953
Ivapel Lunvic;Silos FC;LaLiga Hypermotion;19;Mediapunta;1351;22;3;1;3.66;3.13;27.0;14.0;8.0;68.3;100.0;31.0;23.0;18.0;33.0;40.0;38.0;59.5;8.0;15.0;58.0;33.0;3.0;26.0;5;0;;;;;3657189
Corju Belju;Silos FC;LaLiga Hypermotion;25;Extremo izquierdo;917;10;3;1;2.98;1.87;25.0;11.0;11.0;75.9;91.0;31.0;27.0;15.0;51.0;36.0;63.4;46.7;18.0;14.0;68.0;36.0;2.0;17.0;9;0;;;;;10129323
Ostrin Danmir;Silos FC;LaLiga Hypermotion;26;MC;1728;19;1;0;3.08;3.02;25.0;6.0;30.0;87.1;86.0;26.0;8.0;22.0;70.0;7.0;45.9;43.9;26.0;35.0;103.0;28.0;21.0;13.0;2;0;;;;;3304430
Silba Hentov;Silos FC;LaLiga Hypermotion;20;Mediapunta;1528;22;5;2;5.3;4.48;75.0;29.0;19.0;82.2;51.0;35.0;43.0;24.0;80.0;25.0;63.8;52.8;40.0;31.0;108.0;58.0;3.0;14.0;0;0;;;;;4121498
Quinen Dangio;Silos FC;LaLiga Hypermotion;23;MC;1805;22;0;4;2.42;3.65;17.0;7.0;27.0;89.4;52.0;130.0;11.0;7.0;12.0;67.0;60.4;46.1;63.0;52.0;241.0;46.0;10.0;34.0;7;0;;;;;35315706
Golpel Farce;Silos FC;LaLiga Hypermotion;31;Lateral derecho;829;10;0;0;0.41;1.34;2.0;0.0;7.0;71.7;84.0;12.0;25.0;3.0;34.0;17.0;55.3;46.5;24.0;11.0;88.0;5.0;2.0;6.0;4;0;;;;;3632437
Golmir Ostzar;Belkov FC;Primera División Argentina;23;POR;1264;20;0;0;;;;;22.0;87.7;91.0;53.0;9.0;8.0;34.0;54.0;67.7;47.9;24.0;31.0;70.0;8.0;12.0;25.0;2;0;41.0;22.0;3.0;17.0;3641484
Fartov Elizar;Belkov FC;Primera División Argentina;20;POR;1831;26;0;0;;;;;9.0;84.4;142.0;33.0;67.0;9.0;74.0;47.0;38.1;49.1;21.0;56.0;102.0;53.0;12.0;44.0;7;0;59.0;25.0;4.0;29.0;20209486
Pralan Ivadin;Belkov FC;Primera División Argentina;19;Delantero centro;1201;17;2;1;2.51;1.16;59.0;31.0;12.0;85.2;61.0;25.0;16.0;16.0;6.0;21.0;48.9;62.1;14.0;17.0;128.0;39.0;12.0;11.0;6;0;;;;;3763197
Rosnen Silce;Belkov FC;Primera División Argentina;31;MC;1708;28;1;1;2.08;3.88;23.0;8.0;23.0;68.5;42.0;108.0;40.0;3.0;53.0;65.0;60.6;47.3;12.0;36.0;142.0;36.0;2.0;39.0;2;0;;;;;2575529
Quidin Quiba;Belkov FC;Primera División Argentina;26;MC;880;10;0;0;1.31;0.93;17.0;7.0;3.0;81.2;86.0;38.0;2.0;8.0;38.0;26.0;33.3;56.9;27.0;19.0;96.0;4.0;10.0;15.0;3;0;;;;;7007418
Eligio Faric;Belkov FC;Primera División Argentina;25;Lateral derecho;2662;33;0;2;3.16;4.91;25.0;11.0;23.0;86.1;85.0;17.0;17.0;25.0;88.0;13.0;67.2;50.0;57.0;80.0;304.0;63.0;17.0;58.0;2;0;;;;;5576034
Ivatov Nevfal;Belkov FC;Primera División Argentina;27;Extremo izquierdo;1566;18;4;1;4.36;3.66;20.0;9.0;12.0;78.6;46.0;65.0;34.0;8.0;35.0;54.0;36.0;42.8;21.0;41.0;144.0;8.0;4.0;10.0;3;1;;;;;627614
Silmir Danzar;Belkov FC;Primera División Argentina;19;Lateral derecho;2179;25;2;1;1.08;2.74;41.0;9.0;35.0;88.9;146.0;154.0;65.0;18.0;15.0;48.0;36.5;44.2;58.0;83.0;209.0;52.0;21.0;45.0;7;0;;;;;15367146
Henpel Silnen;Belkov FC;Primera División Argentina;21;Lateral derecho;1927;28;1;2;1.93;0.89;35.0;14.0;9.0;65.7;73.0;110.0;16.0;4.0;5.0;18.0;56.8;53.8;66.0;42.0;160.0;15.0;12.0;28.0;5;0;;;;;20521936
Henpel Jorfal;Belkov FC;Primera División Argentina;30;Lateral derecho;800;11;0;0;0.87;1.02;10.0;3.0;13.0;65.1;13.0;17.0;18.0;9.0;44.0;6.0;66.9;42.6;4.0;13.0;30.0;16.0;7.0;9.0;0;0;;;;;823450
Kalrin Henfal;Belkov FC;Primera División Argentina;19;Mediapunta;1883;29;3;2;3.93;1.06;93.0;24.0;45.0;93.9;139.0;25.0;58.0;30.0;69.0;11.0;40.7;55.7;55.0;14.0;218.0;9.0;11.0;41.0;9;0;;;;;8310268
Belgio Pramir;Belkov FC;Primera División Argentina;21;Extremo izquierdo;1758;30;2;1;2.54;1.27;46.0;13.0;12.0;92.3;167.0;51.0;34.0;24.0;69.0;12.0;33.3;53.9;20.0;16.0;96.0;63.0;6.0;43.0;9;0;;;;;3462951
Hence Joric;Belkov FC;Primera División Argentina;23;Pivote;1454;20;1;0;2.0;2.66;9.0;3.0;9.0;92.2;41.0;40.0;30.0;3.0;16.0;7.0;54.5;48.8;14.0;31.0;101.0;64.0;7.0;12.0;1;2;;;;;12807318
Jorpel Corgio;Belkov FC;Primera División Argentina;20;Delantero centro;925;13;4;2;5.39;3.6;41.0;16.0;9.0;85.9;29.0;20.0;14.0;15.0;19.0;31.0;31.1;49.6;25.0;26.0;107.0;39.0;3.0;6.0;5;0;;;;;20552584
Quios Nevdin;Belkov FC;Primera División Argentina;26;Pivote;1536;25;0;0;2.95;0.5;22.0;8.0;11.0;66.2;71.0;68.0;8.0;11.0;20.0;61.0;54.2;55.0;29.0;15.0;112.0;53.0;4.0;24.0;0;1;;;;;3151601
Lundin Torzar;Belkov FC;Primera División Argentina;22;Delantero centro;1356;19;1;1;2.13;1.51;31.0;13.0;15.0;91.4;81.0;32.0;37.0;20.0;60.0;13.0;37.9;47.7;27.0;39.0;84.0;51.0;13.0;31.0;8;0;;;;;5165927
Ivahus Belgio;Belkov FC;Primera División Argentina;22;Extremo izquierdo;1742;19;1;0;1.48;0.85;74.0;33.0;23.0;71.9;122.0;69.0;13.0;14.0;42.0;29.0;65.7;58.8;21.0;38.0;53.0;43.0;7.0;35.0;2;0;;;;;1577915
Tordin Nevnen;Belkov FC;Primera División Argentina;30;DC;1488;20;0;1;1.07;2.1;10.0;4.0;19.0;78.6;140.0;99.0;29.0;2.0;12.0;43.0;63.3;46.8;40.0;55.0;139.0;40.0;6.0;34.0;9;0;;;;;14816297
Torkov Kalgio;Belkov FC;Primera División Argentina;28;Extremo izquierdo;1238;18;6;2;7.3;3.48;28.0;9.0;14.0;84.7;125.0;55.0;28.0;10.0;53.0;17.0;67.6;62.0;18.0;27.0;146.0;10.0;4.0;16.0;3;0;;;;;16590931
Beltov Praos;Belkov FC;Primera División Argentina;24;Delantero centro;2410;28;15;7;13.15;4.65;103.0;37.0;65.0;84.3;283.0;112.0;76.0;31.0;130.0;8.0;38.4;45.3;19.0;67.0;221.0;41.0;21.0;21.0;7;0;;;;;5681007
Danez Torvic;Belkov FC;Primera División Argentina;22;Delantero centro;535;6;2;1;2.42;1.42;22.0;11.0;8.0;88.3;54.0;31.0;3.0;9.0;23.0;16.0;63.7;50.8;5.0;10.0;39.0;7.0;6.0;4.0;6;0;;;;;14912188
Tormir Prakov;Belkov FC;Primera División Argentina;20;MC;1740;22;1;0;1.91;1.07;30.0;8.0;38.0;81.6;154.0;10.0;26.0;21.0;90.0;43.0;40.0;46.4;16.0;34.0;68.0;45.0;12.0;39.0;4;0;;;;;4472047
Pratov Arzar;Henba FC;Primera División Argentina;22;POR;2216;38;0;0;;;;;26.0;64.5;98.0;42.0;49.0;11.0;100.0;40.0;30.8;50.0;14.0;48.0;156.0;83.0;26.0;24.0;0;0;111.0;35.0;8.0;28.0;3848494
Jorvic Torce;Henba FC;Primera División Argentina;22;POR;2455;35;0;0;;;;;64.0;85.3;224.0;101.0;27.0;38.0;92.0;105.0;56.8;66.5;75.0;43.0;275.0;22.0;22.0;55.0;0;0;58.0;34.0;12.0;32.0;15052911
Prahus Rosic;Henba FC;Primera División Argentina;22;DC;2036;22;1;1;3.99;1.07;36.0;11.0;27.0;68.8;139.0;94.0;59.0;23.0;112.0;71.0;39.4;51.1;10.0;24.0;128.0;34.0;5.0;44.0;5;0;;;;;5860462
Rosrin Dandin;Henba FC;Primera División Argentina;18;Extremo izquierdo;1278;22;1;0;1.89;1.41;15.0;3.0;20.0;70.5;68.0;60.0;32.0;15.0;20.0;28.0;43.1;57.8;19.0;33.0;77.0;3.0;7.0;21.0;5;0;;;;;1373940
Jornen Aros;Henba FC;Primera División Argentina;21;DC;1949;29;0;0;1.58;3.22;28.0;11.0;26.0;64.0;91.0;11.0;35.0;28.0;109.0;24.0;42.8;42.6;22.0;19.0;81.0;58.0;14.0;17.0;0;0;;;;;284393
Golic Arez;Henba FC;Primera División Argentina;29;DC;1816;27;1;1;3.05;3.7;18.0;7.0;14.0;94.9;90.0;15.0;30.0;17.0;106.0;51.0;47.3;52.1;56.0;19.0;234.0;16.0;7.0;26.0;7;0;;;;;8932923
Silsen Ostos;Henba FC;Primera División Argentina;25;MC;1524;23;1;0;0.79;3.12;12.0;5.0;35.0;80.6;100.0;39.0;22.0;13.0;20.0;66.0;37.1;56.0;27.0;32.0;175.0;12.0;4.0;10.0;4;0;;;;;6697342
Torez Jorrin;Henba FC;Primera División Argentina;20;Extremo izquierdo;1267;19;6;2;6.67;4.65;56.0;21.0;31.0;73.0;39.0;76.0;8.0;17.0;13.0;43.0;56.2;59.8;34.0;52.0;108.0;3.0;5.0;20.0;4;0;;;;;17861941
Gollan Kaltov;Henba FC;Primera División Argentina;20;Lateral derecho;3054;37;0;1;6.02;4.2;46.0;15.0;73.0;82.3;119.0;25.0;16.0;34.0;148.0;33.0;41.4;44.5;69.0;51.0;390.0;37.0;19.0;52.0;0;0;;;;;6715107
Arrin Kalce;Henba FC;Primera División Argentina;21;Pivote;1042;13;0;0;0.52;0.96;3.0;0.0;23.0;80.5;52.0;39.0;13.0;7.0;40.0;25.0;47.8;51.5;18.0;8.0;55.0;21.0;2.0;14.0;0;0;;;;;6931466
Mornen Lunpel;Henba FC;Primera División Argentina;22;Mediapunta;1438;24;4;1;3.73;3.34;42.0;10.0;39.0;83.3;108.0;53.0;31.0;17.0;49.0;55.0;44.4;43.8;27.0;27.0;104.0;35.0;10.0;15.0;2;0;;;;;15501705
Rostov Lunnen;Henba FC;Primera División Argentina;27;Mediapunta;2774;48;1;0;1.89;0.61;53.0;21.0;24.0;65.2;50.0;103.0;35.0;31.0;164.0;90.0;65.6;57.3;23.0;13.0;171.0;12.0;20.0;35.0;4;0;;;;;182246
Henmir Belzar;Henba FC;Primera División Argentina;19;Delantero centro;1205;16;0;0;0.69;0.57;18.0;9.0;18.0;77.1;71.0;11.0;2.0;18.0;30.0;13.0;39.9;39.9;6.0;7.0;38.0;5.0;13.0;23.0;4;0;;;;;898446
Silhus Jorba;Henba FC;Primera División Argentina;27;Extremo izquierdo;876;12;4;3;4.85;2.36;38.0;16.0;21.0;74.3;47.0;19.0;13.0;8.0;41.0;31.0;66.4;61.6;23.0;10.0;53.0;22.0;9.0;13.0;5;0;;;;;7084228
Pramir Ostdin;Henba FC;Primera División Argentina;25;Pivote;1496;22;1;2;0.76;1.05;7.0;2.0;22.0;74.6;153.0;71.0;36.0;13.0;90.0;31.0;49.6;64.1;15.0;41.0;116.0;66.0;13.0;12.0;6;0;;;;;10761055
Ivadin Pratov;Henba FC;Primera División Argentina;17;MC;1019;14;0;0;1.24;1.52;4.0;1.0;6.0;69.3;51.0;8.0;19.0;5.0;7.0;40.0;54.5;60.0;13.0;10.0;32.0;41.0;2.0;18.0;3;0;;;;;582803
Siltov Kallan;Henba FC;Primera División Argentina;22;Mediapunta;1928;34;7;4;7.65;3.06;62.0;16.0;42.0;70.3;142.0;88.0;58.0;25.0;69.0;41.0;66.3;56.6;31.0;32.0;142.0;55.0;25.0;46.0;6;0;;;;;15512539
Dannen Henkov;Henba FC;Primera División Argentina;23;Delantero centro;2091;25;2;1;2.49;1.5;44.0;22.0;26.0;85.1;41.0;25.0;37.0;11.0;139.0;45.0;40.9;40.9;21.0;11.0;128.0;83.0;11.0;48.0;8;0;;;;;1084880
Henfal Farkov;Henba FC;Primera División Argentina;26;MC;1923;22;0;1;3.11;1.62;26.0;11.0;16.0;92.3;50.0;21.0;53.0;29.0;45.0;48.0;31.9;51.1;46.0;33.0;219.0;60.0;25.0;34.0;7;0;;;;;12110937
Gollan Arba;Henba FC;Primera División Argentina;17;Extremo izquierdo;1894;30;8;5;8.73;6.29;27.0;7.0;11.0;72.7;116.0;47.0;31.0;5.0;71.0;7.0;50.1;65.4;37.0;27.0;266.0;6.0;13.0;40.0;1;0;;;;;19105708
Dantov Bellan;Henba FC;Primera División Argentina;26;Lateral derecho;1559;18;0;0;2.81;2.24;3.0;1.0;13.0;89.4;43.0;39.0;38.0;3.0;18.0;33.0;57.3;62.3;25.0;30.0;63.0;18.0;8.0;25.0;9;0;;;;;1067441
Praez Farba;Henba FC;Primera División Argentina;17;MC;2046;25;0;1;2.16;4.45;29.0;13.0;41.0;82.7;132.0;70.0;71.0;12.0;53.0;58.0;65.7;57.2;51.0;42.0;235.0;43.0;26.0;26.0;3;1;;;;;5506606
Golkov Lunfal;Nevba FC;Primera División Argentina;30;POR;1488;17;0;0;;;;;22.0;88.8;76.0;73.0;6.0;13.0;93.0;12.0;59.5;53.5;33.0;34.0;67.0;44.0;19.0;16.0;7;0;83.0;21.0;1.0;20.0;1912589
Silpel Kalce;Nevba FC;Primera División Argentina;19;POR;1482;20;0;0;;;;;11.0;74.1;93.0;18.0;35.0;9.0;40.0;57.0;57.3;56.2;20.0;34.0;218.0;32.0;19.0;28.0;3;0;45.0;28.0;7.0;3.0;10737548
Quiic Roszar;Nevba FC;Primera División Argentina;26;Pivote;1505;16;0;0;0.4;3.92;22.0;8.0;13.0;69.4;120.0;54.0;16.0;12.0;91.0;63.0;59.5;64.7;18.0;29.0;167.0;10.0;6.0;9.0;6;0;;;;;3376336
Golhus Kaldin;Nevba FC;Primera División Argentina;19;Lateral derecho;1888;31;2;2;1.32;3.86;25.0;9.0;7.0;79.3;146.0;59.0;65.0;27.0;99.0;13.0;41.0;58.5;59.0;49.0;175.0;37.0;13.0;43.0;5;0;;;;;8085267
Belzar Pranen;Nevba FC;Primera División Argentina;26;Extremo izquierdo;2323;37;1;0;2.01;1.48;61.0;23.0;20.0;92.0;52.0;33.0;30.0;21.0;37.0;35.0;64.8;38.8;39.0;23.0;113.0;61.0;5.0;32.0;2;0;;;;;160371
Golba Nevez;Nevba FC;Primera División Argentina;27;DC;1724;26;0;1;3.11;4.11;8.0;3.0;9.0;74.8;58.0;116.0;24.0;16.0;73.0;34.0;58.2;61.2;27.0;34.0;124.0;64.0;20.0;21.0;9;0;;;;;5739633
Nevez Golsen;Nevba FC;Primera División Argentina;21;MC;1802;24;2;2;1.81;2.74;14.0;5.0;7.0;70.6;118.0;63.0;33.0;19.0;34.0;54.0;67.9;50.6;62.0;27.0;150.0;55.0;23.0;34.0;0;0;;;;;8438156
Corhus Ivaic;Nevba FC;Primera División Argentina;27;MC;1067;13;1;0;1.49;1.94;10.0;4.0;5.0;69.0;50.0;28.0;1.0;13.0;69.0;16.0;32.5;48.0;29.0;34.0;80.0;17.0;12.0;10.0;2;0;;;;;5381094
Moros Farba;Nevba FC;Primera División Argentina;24;Delantero centro;559;8;1;0;1.69;0.65;9.0;3.0;7.0;72.8;46.0;30.0;15.0;9.0;4.0;4.0;58.3;44.0;11.0;19.0;35.0;15.0;6.0;3.0;0;1;;;;;4444394
Corpel Golju;Nevba FC;Primera División Argentina;17;Pivote;1735;29;1;3;3.07;0.53;15.0;3.0;11.0;86.7;42.0;64.0;2.0;14.0;59.0;65.0;39.8;60.3;39.0;49.0;116.0;47.0;5.0;27.0;3;0;;;;;7593453
Coros Kalez;Nevba FC;Primera División Argentina;25;Extremo izquierdo;1631;21;1;1;2.1;1.42;49.0;19.0;6.0;69.3;44.0;44.0;2.0;12.0;50.0;68.0;54.7;63.0;19.0;19.0;74.0;21.0;6.0;16.0;5;0;;;;;1885029
Arzar Silez;Nevba FC;Primera División Argentina;27;MC;1797;27;0;0;1.15;4.85;29.0;10.0;13.0;86.2;118.0;60.0;7.0;23.0;72.0;77.0;58.4;58.4;52.0;23.0;101.0;24.0;8.0;9.0;4;0;;;;;7138020
Morrin Ivaez;Nevba FC;Primera División Argentina;21;MC;1298;18;0;0;1.98;1.22;22.0;7.0;15.0;83.5;67.0;24.0;5.0;19.0;44.0;22.0;57.6;45.8;21.0;13.0;48.0;48.0;2.0;25.0;1;1;;;;;518718
Silrin Elidin;Nevba FC;Primera División Argentina;21;Lateral derecho;653;7;0;0;0.32;1.18;8.0;2.0;4.0;76.1;64.0;8.0;7.0;3.0;9.0;29.0;63.6;54.5;6.0;12.0;35.0;17.0;3.0;4.0;6;0;;;;;16425190
Ivavic Corju;Nevba FC;Primera División Argentina;23;MC;1864;20;1;1;2.32;1.62;15.0;5.0;43.0;68.9;95.0;109.0;15.0;7.0;93.0;57.0;55.8;63.2;48.0;19.0;191.0;73.0;13.0;18.0;8;0;;;;;8432775
Morzar Eliju;Nevba FC;Primera División Argentina;30;Extremo izquierdo;1787;21;2;2;3.56;2.42;65.0;18.0;36.0;83.0;48.0;81.0;30.0;14.0;118.0;54.0;34.7;62.6;13.0;53.0;164.0;61.0;18.0;31.0;5;0;;;;;3616293
Jormir Jormir;Nevba FC;Primera División Argentina;24;Extremo izquierdo;2476;42;5;3;5.42;1.94;117.0;44.0;46.0;84.0;178.0;25.0;11.0;38.0;79.0;27.0;48.0;40.4;32.0;27.0;159.0;57.0;32.0;28.0;7;0;;;;;700306
Torrin Fardin;Nevba FC;Primera División Argentina;24;Extremo izquierdo;1755;21;4;3;4.46;2.32;28.0;14.0;19.0;76.7;42.0;65.0;5.0;20.0;113.0;34.0;41.6;46.3;29.0;29.0;174.0;24.0;8.0;22.0;8;0;;;;;6295542
Ivagio Ardin;Nevba FC;Primera División Argentina;30;MC;1636;20;0;1;2.82;4.3;17.0;7.0;9.0;69.8;89.0;62.0;14.0;10.0;91.0;20.0;64.1;55.3;10.0;26.0;135.0;59.0;17.0;26.0;9;0;;;;;1703246
Silnen Arez;Nevba FC;Primera División Argentina;31;MC;1813;20;1;0;0.62;4.04;28.0;11.0;39.0;82.8;166.0;103.0;26.0;10.0;29.0;58.0;35.0;63.0;21.0;24.0;83.0;17.0;22.0;41.0;4;0;;;;;4451787
Lunfal Goldin;Nevba FC;Primera División Argentina;29;MC;2283;31;0;0;0.85;5.95;13.0;6.0;31.0;89.0;67.0;89.0;22.0;25.0;96.0;96.0;44.7;45.1;25.0;46.0;83.0;27.0;21.0;26.0;8;0;;;;;318684
Danba Elizar;Nevba FC;Primera División Argentina;22;Mediapunta;894;10;1;0;2.27;1.71;36.0;19.0;5.0;94.0;41.0;21.0;24.0;7.0;21.0;33.0;48.4;53.8;26.0;22.0;113.0;18.0;12.0;21.0;4;0;;;;;13565686
Belmir Hennen;Lunos FC;Primera División Argentina;24;POR;542;6;0;0;;;;;4.0;63.2;15.0;20.0;5.0;8.0;36.0;16.0;53.0;56.3;10.0;10.0;33.0;14.0;3.0;8.0;6;0;23.0;10.0;0.0;5.0;400688
Silgio Lunfal;Lunos FC;Primera División Argentina;23;POR;1737;27;0;0;;;;;7.0;66.7;141.0;58.0;9.0;5.0;80.0;50.0;54.7;56.2;24.0;28.0;112.0;62.0;16.0;17.0;8;0;97.0;30.0;1.0;22.0;1866353
Dandin Hendin;Lunos FC;Primera División Argentina;20;Extremo izquierdo;1574;17;2;1;2.76;2.09;64.0;32.0;6.0;90.2;27.0;36.0;14.0;14.0;22.0;66.0;38.7;45.5;32.0;38.0;93.0;40.0;14.0;32.0;6;1;;;;;3760953
Aros Elinen;Lunos FC;Primera División Argentina;28;Mediapunta;2526;43;5;3;6.73;3.64;33.0;13.0;63.0;83.9;60.0;42.0;17.0;41.0;61.0;92.0;66.9;50.4;68.0;55.0;110.0;77.0;11.0;42.0;5;0;;;;;7925062
Ostsen Jorpel;Lunos FC;Primera División Argentina;28;Lateral derecho;924;10;0;0;1.79;1.36;12.0;3.0;15.0;72.3;23.0;28.0;22.0;11.0;4.0;14.0;48.3;57.2;6.0;9.0;76.0;8.0;12.0;5.0;5;0;;;;;1810724
Farvic Rosrin;Lunos FC;Primera División Argentina;22;DC;1910;29;2;2;2.78;3.6;21.0;5.0;27.0;69.6;124.0;29.0;16.0;4.0;37.0;13.0;52.0;56.2;36.0;63.0;207.0;19.0;21.0;18.0;5;0;;;;;30953163
Corju Lunrin;Lunos FC;Primera División Argentina;26;MC;2489;33;0;4;0.54;6.75;14.0;3.0;12.0;78.2;279.0;26.0;54.0;25.0;128.0;54.0;52.5;46.4;76.0;81.0;364.0;11.0;3.0;27.0;9;1;;;;;7743074
Roszar Quilan;Lunos FC;Primera División Argentina;23;Delantero centro;377;5;0;0;0.48;0.44;11.0;3.0;3.0;72.3;12.0;11.0;8.0;0.0;1.0;6.0;56.7;56.4;9.0;3.0;35.0;4.0;4.0;6.0;0;0;;;;;4806146
Elifal Hensen;Lunos FC;Primera División Argentina;26;Delantero centro;1290;15;1;1;1.63;0.64;43.0;11.0;17.0;76.4;72.0;14.0;9.0;12.0;9.0;15.0;32.4;44.6;21.0;22.0;51.0;14.0;4.0;13.0;7;0;;;;;1787388
Belgio Lunrin;Lunos FC;Primera División Argentina;22;MC;1540;18;0;0;2.32;0.35;5.0;1.0;17.0;86.7;62.0;37.0;5.0;2.0;32.0;18.0;44.7;53.0;25.0;24.0;97.0;47.0;12.0;31.0;3;0;;;;;683162
Golzar Danlan;Lunos FC;Primera División Argentina;22;Delantero centro;1746;21;5;2;6.16;4.45;53.0;21.0;30.0;89.2;102.0;48.0;40.0;13.0;46.0;54.0;68.3;43.7;25.0;49.0;82.0;56.0;20.0;14.0;9;0;;;;;2395111
Rosju Golic;Lunos FC;Primera División Argentina;25;Delantero centro;2235;29;8;2;7.99;6.16;84.0;28.0;68.0;84.2;142.0;112.0;74.0;11.0;31.0;21.0;30.6;57.2;80.0;79.0;288.0;58.0;20.0;42.0;1;0;;;;;9401983
Kalmir Ostez;Lunos FC;Primera División Argentina;28;DC;1945;32;1;3;1.51;1.01;15.0;5.0;22.0;82.2;215.0;19.0;74.0;19.0;57.0;14.0;66.9;61.1;23.0;30.0;222.0;44.0;21.0;16.0;7;0;;;;;6697226
Ostba Belkov;Lunos FC;Primera División Argentina;21;Pivote;2238;30;1;1;2.92;2.07;22.0;8.0;41.0;91.5;46.0;41.0;26.0;29.0;135.0;11.0;43.7;50.5;43.0;39.0;167.0;11.0;26.0;19.0;7;0;;;;;2810954
Lunsen Lunnen;Lunos FC;Primera División Argentina;18;Extremo izquierdo;2092;30;3;2;3.69;2.63;96.0;43.0;26.0;77.8;153.0;19.0;47.0;21.0;132.0;51.0;56.0;60.7;10.0;49.0;177.0;26.0;23.0;21.0;6;0;;;;;1264407
Farpel Corsen;Lunos FC;Primera División Argentina;26;Mediapunta;1471;17;7;4;6.56;2.53;25.0;8.0;47.0;74.6;145.0;48.0;34.0;1.0;54.0;13.0;64.2;53.4;54.0;35.0;105.0;6.0;10.0;33.0;7;0;;;;;5257870
Lunsen Torce;Lunos FC;Primera División Argentina;29;Lateral derecho;931;14;0;1;0.43;0.58;12.0;3.0;20.0;93.9;68.0;57.0;28.0;15.0;48.0;23.0;50.9;59.0;19.0;10.0;51.0;36.0;9.0;10.0;7;0;;;;;1826381
Hennen Lunvic;Lunos FC;Primera División Argentina;25;Mediapunta;2452;32;10;8;12.69;5.4;89.0;48.0;32.0;95.3;220.0;156.0;12.0;39.0;148.0;18.0;40.2;63.6;64.0;54.0;192.0;83.0;13.0;22.0;5;0;;;;;11285335
Jormir Torrin;Lunos FC;Primera División Argentina;17;DC;2542;41;2;2;5.08;1.92;39.0;12.0;36.0;66.3;283.0;45.0;47.0;22.0;114.0;80.0;63.7;44.3;20.0;35.0;332.0;72.0;21.0;45.0;6;0;;;;;10331893
Golhus Arpel;Lunos FC;Primera División Argentina;28;Lateral derecho;2313;32;2;3;3.74;4.76;39.0;10.0;42.0;80.5;176.0;53.0;98.0;22.0;14.0;68.0;55.4;57.3;33.0;27.0;317.0;12.0;14.0;23.0;4;0;;;;;14325799
Silhus Lunez;Lunos FC;Primera División Argentina;20;Extremo izquierdo;947;16;1;1;1.66;0.92;36.0;14.0;12.0;69.7;42.0;49.0;1.0;9.0;37.0;17.0;64.2;56.2;21.0;8.0;33.0;28.0;5.0;20.0;7;0;;;;;2951014
Ivavic Jormir;Lunos FC;Primera División Argentina;21;Delantero centro;2380;36;1;0;0.96;0.41;107.0;38.0;10.0;86.9;100.0;55.0;47.0;5.0;78.0;63.0;44.3;41.3;12.0;48.0;177.0;14.0;7.0;41.0;0;0;;;;;297670
Ostos Beltov;Morzar FC;Primera División Argentina;25;POR;2061;28;0;0;;;;;22.0;67.3;199.0;82.0;63.0;2.0;11.0;68.0;33.4;67.8;75.0;20.0;250.0;8.0;10.0;36.0;3;0;88.0;24.0;6.0;5.0;11819282
Quiba Quifal;Morzar FC;Primera División Argentina;30;POR;1091;16;0;0;;;;;16.0;77.8;20.0;31.0;20.0;6.0;27.0;36.0;39.0;49.9;5.0;27.0;55.0;10.0;4.0;17.0;7;0;37.0;28.0;2.0;12.0;1309092
Rosrin Corju;Morzar FC;Primera División Argentina;20;MC;1745;22;0;0;0.48;0.41;15.0;7.0;26.0;67.6;130.0;25.0;5.0;14.0;78.0;62.0;34.2;48.3;33.0;41.0;137.0;13.0;12.0;14.0;3;0;;;;;3491831
Tormir Morvic;Morzar FC;Primera División Argentina;27;Lateral derecho;2253;31;1;2;2.13;3.0;16.0;6.0;22.0;79.2;46.0;55.0;19.0;6.0;24.0;81.0;69.4;58.6;57.0;68.0;234.0;49.0;28.0;11.0;4;0;;;;;1427599
Arsen Arfal;Morzar FC;Primera División Argentina;23;Pivote;1186;17;0;2;1.07;1.94;19.0;5.0;19.0;71.3;114.0;72.0;22.0;8.0;77.0;27.0;52.0;49.0;39.0;13.0;112.0;45.0;15.0;14.0;0;0;;;;;7573041
Farlan Lunzar;Morzar FC;Primera División Argentina;20;DC;902;12;0;0;1.43;0.37;2.0;0.0;2.0;72.9;62.0;47.0;22.0;14.0;12.0;17.0;37.9;55.4;22.0;22.0;101.0;19.0;2.0;20.0;2;0;;;;;12410475
Golic Prace;Morzar FC;Primera División Argentina;22;MC;1358;16;1;2;0.2;3.61;17.0;7.0;4.0;91.7;44.0;39.0;15.0;18.0;35.0;56.0;46.6;66.8;35.0;49.0;195.0;27.0;2.0;32.0;9;0;;;;;20506189
Ivaju Lundin;Morzar FC;Primera División Argentina;19;Lateral derecho;2114;24;0;0;2.49;4.54;11.0;2.0;42.0;66.8;150.0;17.0;15.0;13.0;26.0;74.0;51.0;59.6;45.0;36.0;152.0;9.0;10.0;30.0;3;0;;;;;7234455
Golnen Prakov;Morzar FC;Primera División Argentina;29;Pivote;1499;19;1;0;1.15;2.46;14.0;6.0;6.0;90.6;115.0;80.0;37.0;2.0;47.0;36.0;34.2;48.4;33.0;20.0;108.0;6.0;9.0;19.0;3;0;;;;;5451688
Nevju Lunju;Morzar FC;Primera División Argentina;24;Mediapunta;678;7;2;1;2.4;1.18;12.0;5.0;7.0;94.9;71.0;19.0;19.0;2.0;32.0;19.0;57.7;63.6;13.0;17.0;94.0;18.0;5.0;4.0;6;0;;;;;3723352
Ivalan Nevnen;Morzar FC;Primera División Argentina;20;Lateral derecho;1490;23;0;1;0.75;3.59;28.0;5.0;24.0;89.2;50.0;60.0;20.0;10.0;92.0;64.0;59.6;50.3;37.0;37.0;220.0;44.0;14.0;8.0;2;0;;;;;14102643
Ivakov Kalvic;Morzar FC;Primera División Argentina;18;Pivote;1348;22;0;0;2.55;1.99;18.0;7.0;21.0;80.7;24.0;35.0;22.0;6.0;33.0;33.0;41.6;61.8;6.0;16.0;110.0;37.0;12.0;26.0;6;0;;;;;599154
Dangio Rosic;Morzar FC;Primera División Argentina;27;MC;1913;25;0;0;3.11;4.02;25.0;5.0;9.0;85.7;29.0;32.0;8.0;9.0;57.0;9.0;31.0;56.7;33.0;39.0;115.0;44.0;10.0;22.0;6;0;;;;;294615
Belce Siltov;Morzar FC;Primera División Argentina;22;Extremo izquierdo;1049;12;4;2;3.73;3.47;22.0;9.0;26.0;80.7;65.0;56.0;2.0;7.0;59.0;36.0;36.3;50.7;29.0;28.0;103.0;27.0;4.0;18.0;6;0;;;;;13057039
Morzar Ostfal;Morzar FC;Primera División Argentina;23;Pivote;1668;23;0;0;2.72;1.7;32.0;13.0;24.0;93.0;117.0;25.0;25.0;15.0;24.0;43.0;37.6;49.2;25.0;9.0;143.0;73.0;17.0;36.0;9;0;;;;;1763811
Lunvic Argio;Morzar FC;Primera División Argentina;21;Extremo izquierdo;1914;23;5;2;4.75;1.85;93.0;23.0;8.0;74.0;82.0;15.0;54.0;9.0;70.0;24.0;59.7;41.8;39.0;29.0;122.0;76.0;17.0;45.0;4;0;;;;;5232748
Elipel Jorgio;Morzar FC;Primera División Argentina;28;DC;855;10;0;0;0.26;0.9;15.0;3.0;9.0;81.3;23.0;43.0;23.0;6.0;3.0;10.0;47.2;54.7;5.0;24.0;76.0;2.0;5.0;9.0;4;1;;;;;2153478
Corgio Pragio;Morzar FC;Primera División Argentina;25;DC;1115;13;0;1;0.61;1.39;3.0;1.0;16.0;80.4;70.0;44.0;12.0;11.0;49.0;12.0;51.0;59.6;14.0;34.0;102.0;31.0;8.0;12.0;7;0;;;;;4186918
Golfal Nevzar;Morzar FC;Primera División Argentina;28;Mediapunta;2617;29;7;6;7.1;5.79;80.0;33.0;48.0;77.5;139.0;90.0;16.0;24.0;73.0;13.0;68.7;55.2;71.0;39.0;199.0;18.0;4.0;57.0;5;0;;;;;4213842
Rosrin Eligio;Morzar FC;Primera División Argentina;20;Pivote;1594;26;0;0;0.39;2.74;27.0;5.0;14.0;81.1;103.0;10.0;29.0;20.0;26.0;51.0;48.7;52.3;9.0;35.0;47.0;20.0;2.0;8.0;2;0;;;;;1447851
Jorfal Kalnen;Morzar FC;Primera División Argentina;27;DC;763;8;0;0;1.41;2.06;4.0;1.0;16.0;76.6;62.0;30.0;12.0;7.0;32.0;3.0;61.5;62.8;14.0;12.0;36.0;22.0;7.0;19.0;1;1;;;;;3126328
Rosos Aric;Morzar FC;Primera División Argentina;20;MC;611;7;0;0;0.19;0.81;9.0;3.0;9.0;84.2;28.0;13.0;1.0;4.0;17.0;2.0;44.5;50.1;3.0;10.0;37.0;9.0;2.0;12.0;7;0;;;;;2839791
Sillan Farrin;Eliic FC;Primera División Argentina;31;POR;394;4;0;0;;;;;4.0;67.5;17.0;12.0;1.0;0.0;19.0;9.0;62.7;44.3;4.0;5.0;12.0;6.0;3.0;3.0;7;0;13.0;6.0;0.0;4.0;370939
Lunju Danju;Eliic FC;Primera División Argentina;23;POR;466;5;0;0;;;;;4.0;87.3;45.0;12.0;11.0;1.0;15.0;16.0;43.8;52.1;4.0;18.0;31.0;12.0;6.0;5.0;2;0;15.0;4.0;2.0;2.0;23055812
Farkov Farkov;Eliic FC;Primera División Argentina;25;Delantero centro;2415;32;8;6;7.24;4.57;81.0;24.0;49.0;91.4;142.0;91.0;3.0;20.0;112.0;25.0;39.9;43.8;58.0;71.0;109.0;9.0;13.0;55.0;5;0;;;;;2489778
Tordin Ivahus;Eliic FC;Primera División Argentina;19;Mediapunta;1752;20;7;3;8.11;2.75;33.0;11.0;49.0;79.4;172.0;19.0;59.0;15.0;41.0;66.0;68.1;58.4;21.0;62.0;144.0;75.0;13.0;38.0;4;0;;;;;7817253
Nevlan Torrin;Eliic FC;Primera División Argentina;23;Mediapunta;1490;24;3;1;3.34;2.4;49.0;15.0;27.0;89.9;67.0;17.0;4.0;6.0;78.0;50.0;60.4;57.5;30.0;22.0;94.0;26.0;20.0;25.0;9;0;;;;;8191879
Sildin Corpel;Eliic FC;Primera División Argentina;25;DC;273;3;0;0;0.41;0.13;2.0;0.0;4.0;76.2;9.0;3.0;6.0;4.0;10.0;6.0;62.4;61.5;7.0;6.0;13.0;7.0;3.0;6.0;1;0;;;;;4807766
Nevvic Torba;Eliic FC;Primera División Argentina;31;MC;2085;33;0;1;0.97;2.33;19.0;7.0;36.0;76.8;182.0;59.0;5.0;17.0;102.0;15.0;63.9;54.4;46.0;15.0;97.0;89.0;17.0;33.0;3;0;;;;;2710714
Lunos Tormir;Eliic FC;Primera División Argentina;22;Extremo izquierdo;2240;28;9;4;10.32;4.56;63.0;27.0;43.0;71.3;80.0;96.0;3.0;8.0;48.0;49.0;48.4;49.0;49.0;15.0;246.0;8.0;8.0;54.0;8;0;;;;;6919126
Pravic Arfal;Eliic FC;Primera División Argentina;21;Mediapunta;2923;50;12;7;11.95;6.98;46.0;18.0;50.0;78.5;238.0;77.0;68.0;22.0;93.0;85.0;37.6;43.3;71.0;67.0;315.0;34.0;28.0;57.0;2;0;;;;;7642828
Rosic Ivapel;Eliic FC;Primera División Argentina;30;Lateral derecho;1796;26;1;2;1.77;3.08;5.0;2.0;41.0;74.1;73.0;47.0;51.0;14.0;14.0;48.0;51.4;64.8;46.0;28.0;193.0;38.0;10.0;28.0;2;2;;;;;5981617
Lunpel Quisen;Eliic FC;Primera División Argentina;32;Lateral derecho;2595;42;0;2;3.72;4.0;31.0;6.0;46.0;88.9;172.0;23.0;39.0;39.0;124.0;18.0;39.1;44.5;57.0;51.0;147.0;100.0;14.0;15.0;1;0;;;;;2932212
Belce Nevgio;Eliic FC;Primera División Argentina;23;Lateral derecho;1819;29;1;0;3.42;4.56;27.0;7.0;13.0;93.8;69.0;96.0;14.0;16.0;96.0;80.0;40.2;54.1;35.0;28.0;136.0;66.0;18.0;9.0;2;0;;;;;7221084
Corju Fardin;Eliic FC;Primera División Argentina;28;Mediapunta;1103;13;3;1;3.87;2.4;30.0;7.0;10.0;75.3;109.0;31.0;28.0;18.0;33.0;42.0;32.5;53.5;24.0;16.0;113.0;5.0;4.0;7.0;7;0;;;;;12600254
Golrin Nevdin;Eliic FC;Primera División Argentina;25;DC;1774;27;0;1;2.75;4.52;22.0;5.0;35.0;79.5;41.0;32.0;53.0;24.0;113.0;69.0;31.6;64.3;34.0;12.0;132.0;11.0;22.0;10.0;3;0;;;;;3454141
Nevlan Golfal;Eliic FC;Primera División Argentina;18;Lateral derecho;2899;45;2;1;1.33;6.29;17.0;8.0;37.0;66.1;258.0;57.0;64.0;46.0;193.0;18.0;63.3;48.7;16.0;21.0;136.0;84.0;33.0;71.0;0;1;;;;;7464490
Jorce Silba;Eliic FC;Primera División Argentina;25;Delantero centro;2807;38;2;1;2.54;1.2;137.0;37.0;7.0;75.3;66.0;53.0;4.0;9.0;20.0;69.0;35.9;49.2;13.0;24.0;88.0;79.0;19.0;22.0;3;0;;;;;814894
Tordin Danos;Eliic FC;Primera División Argentina;28;Mediapunta;1794;30;3;1;2.79;3.07;75.0;25.0;5.0;67.7;32.0;34.0;39.0;26.0;84.0;21.0;59.2;62.6;32.0;24.0;95.0;22.0;23.0;25.0;8;0;;;;;992399
Eligio Ostmir;Eliic FC;Primera División Argentina;33;Lateral derecho;2164;38;1;3;3.27;4.69;41.0;15.0;30.0;87.8;196.0;23.0;6.0;7.0;16.0;79.0;69.3;43.8;51.0;19.0;242.0;68.0;19.0;43.0;6;0;;;;;5023938
Prafal Golce;Eliic FC;Primera División Argentina;24;Delantero centro;1029;12;0;0;0.84;0.27;21.0;6.0;12.0;65.1;50.0;41.0;13.0;12.0;28.0;42.0;34.8;58.3;13.0;20.0;34.0;25.0;4.0;11.0;5;0;;;;;339459
Ivaez Henic;Eliic FC;Primera División Argentina;25;Pivote;1381;23;0;1;0.86;1.45;6.0;1.0;10.0;84.6;87.0;52.0;30.0;14.0;66.0;56.0;30.4;51.1;20.0;25.0;87.0;18.0;18.0;25.0;1;0;;;;;6402274
Nevpel Belju;Eliic FC;Primera División Argentina;21;Extremo izquierdo;2850;42;4;1;4.61;2.93;33.0;16.0;55.0;84.5;128.0;56.0;20.0;39.0;170.0;16.0;31.0;44.0;43.0;42.0;166.0;43.0;12.0;20.0;0;0;;;;;4460133
Argio Joros;Eliic FC;Primera División Argentina;33;Lateral derecho;1725;21;0;2;2.68;1.03;15.0;5.0;20.0;87.0;145.0;56.0;5.0;3.0;109.0;52.0;35.1;51.1;52.0;25.0;143.0;7.0;6.0;9.0;4;0;;;;;10004331
Tormir Tordin;Belgio FC;Primera División Argentina;24;POR;2586;32;0;0;;;;;67.0;69.4;121.0;132.0;61.0;30.0;146.0;12.0;66.7;52.9;34.0;70.0;272.0;34.0;30.0;14.0;0;0;99.0;50.0;11.0;34.0;3275105
Belvic Ivaez;Belgio FC;Primera División Argentina;28;POR;1901;28;0;0;;;;;53.0;69.3;168.0;29.0;69.0;11.0;107.0;26.0;39.6;65.8;29.0;21.0;186.0;58.0;12.0;19.0;2;0;47.0;41.0;8.0;7.0;7479585
Belzar Jorkov;Belgio FC;Primera División Argentina;22;DC;1997;30;0;0;0.26;1.32;21.0;7.0;14.0;86.4;53.0;49.0;4.0;15.0;81.0;50.0;38.8;62.8;40.0;53.0;105.0;23.0;15.0;21.0;6;0;;;;;8793788
Aric Silos;Belgio FC;Primera División Argentina;20;Delantero centro;1038;12;2;1;2.44;1.82;22.0;6.0;20.0;73.0;57.0;51.0;22.0;4.0;19.0;13.0;45.1;49.6;17.0;15.0;93.0;38.0;10.0;20.0;6;0;;;;;3501056
Lunvic Fargio;Belgio FC;Primera División Argentina;25;Lateral derecho;2626;41;1;1;5.2;1.29;30.0;6.0;51.0;71.7;253.0;131.0;64.0;15.0;128.0;88.0;58.3;47.1;62.0;77.0;136.0;79.0;19.0;40.0;6;0;;;;;5255473
Artov Silrin;Belgio FC;Primera División Argentina;34;Lateral derecho;1758;31;0;0;2.3;3.18;6.0;2.0;8.0;75.8;74.0;18.0;24.0;20.0;60.0;68.0;46.5;62.3;12.0;14.0;154.0;17.0;16.0;28.0;1;0;;;;;516219
Lunsen Nevju;Belgio FC;Primera División Argentina;21;Extremo izquierdo;2467;28;8;4;9.11;3.35;29.0;8.0;18.0;94.6;117.0;127.0;61.0;9.0;39.0;65.0;64.8;55.3;66.0;37.0;257.0;57.0;21.0;48.0;8;0;;;;;15611624
Kalic Roslan;Belgio FC;Primera División Argentina;19;Mediapunta;667;10;1;0;1.05;0.55;14.0;5.0;9.0;71.3;18.0;5.0;14.0;5.0;21.0;27.0;31.6;44.1;11.0;12.0;48.0;13.0;7.0;12.0;2;1;;;;;6300691
Belgio Rosmir;Belgio FC;Primera División Argentina;30;MC;1749;25;2;2;2.13;1.51;22.0;5.0;28.0;82.8;109.0;120.0;60.0;25.0;76.0;45.0;63.3;65.7;52.0;57.0;228.0;50.0;15.0;35.0;4;0;;;;;4458467
Morzar Jortov;Belgio FC;Primera División Argentina;33;MC;1857;33;1;0;0.7;3.61;21.0;5.0;12.0;85.4;117.0;57.0;51.0;13.0;29.0;55.0;30.2;60.2;42.0;21.0;180.0;50.0;12.0;13.0;6;0;;;;;4404271
Jorlan Arce;Belgio FC;Primera División Argentina;33;Lateral derecho;487;5;0;0;0.71;0.68;4.0;1.0;11.0;70.7;46.0;24.0;5.0;4.0;1.0;8.0;60.2;50.4;13.0;10.0;49.0;9.0;4.0;4.0;4;0;;;;;7175872
Kalba Quice;Belgio FC;Primera División Argentina;24;DC;1554;17;0;1;2.63;4.01;9.0;3.0;30.0;94.3;132.0;75.0;13.0;15.0;95.0;24.0;62.9;58.3;41.0;40.0;104.0;17.0;20.0;10.0;6;0;;;;;4814633
Silba Goltov;Belgio FC;Primera División Argentina;23;Lateral derecho;1156;13;0;0;2.03;1.94;13.0;3.0;17.0;80.3;72.0;25.0;5.0;11.0;10.0;24.0;62.0;48.6;7.0;24.0;102.0;4.0;14.0;28.0;0;0;;;;;3438204
Ivaba Nevic;Belgio FC;Primera División Argentina;26;Delantero centro;1794;26;11;6;9.91;9.12;55.0;19.0;20.0;88.3;77.0;81.0;29.0;16.0;29.0;64.0;66.1;66.3;61.0;53.0;167.0;22.0;16.0;19.0;6;0;;;;;12101763
Nevic Ostic;Belgio FC;Primera División Argentina;32;Pivote;777;12;0;1;0.51;1.66;6.0;2.0;7.0;68.3;54.0;51.0;21.0;2.0;33.0;11.0;35.5;50.1;18.0;19.0;39.0;21.0;6.0;18.0;6;0;;;;;5846404
Mortov Elice;Belgio FC;Primera División Argentina;26;Lateral derecho;1572;25;1;1;2.9;2.73;6.0;1.0;9.0;87.7;85.0;14.0;49.0;16.0;20.0;47.0;55.1;62.0;38.0;54.0;155.0;8.0;2.0;21.0;3;0;;;;;6022088
Beltov Belkov;Belgio FC;Primera División Argentina;21;Lateral derecho;1574;23;1;2;1.58;3.47;17.0;5.0;17.0;94.5;135.0;92.0;3.0;4.0;30.0;58.0;60.0;60.7;46.0;13.0;203.0;11.0;5.0;22.0;6;0;;;;;6732692
Quikov Farce;Belgio FC;Primera División Argentina;19;MC;1695;22;2;1;2.57;0.45;25.0;9.0;27.0;90.7;70.0;56.0;13.0;7.0;87.0;11.0;42.6;63.9;18.0;45.0;138.0;44.0;21.0;29.0;4;0;;;;;7411266
Corrin Kalrin;Belgio FC;Primera División Argentina;19;Lateral derecho;2525;38;1;2;4.21;3.87;39.0;15.0;17.0;75.3;234.0;88.0;28.0;20.0;161.0;26.0;47.7;43.1;70.0;85.0;172.0;92.0;26.0;16.0;5;0;;;;;12265108
Jordin Elitov;Belgio FC;Primera División Argentina;26;Lateral derecho;1241;18;0;0;2.17;3.3;21.0;9.0;23.0;70.1;51.0;61.0;16.0;7.0;80.0;44.0;63.6;54.1;26.0;34.0;59.0;52.0;15.0;9.0;1;0;;;;;1484680
Belnen Joros;Belgio FC;Primera División Argentina;25;Pivote;2120;25;0;1;0.32;2.91;18.0;4.0;25.0;73.3;121.0;37.0;16.0;8.0;51.0;8.0;60.1;53.3;18.0;16.0;85.0;63.0;10.0;19.0;1;0;;;;;1237355
Cornen Kalmir;Belgio FC;Primera División Argentina;25;MC;2630;30;1;0;3.04;4.79;33.0;14.0;45.0;85.8;67.0;82.0;32.0;25.0;52.0;42.0;65.2;63.7;17.0;76.0;270.0;16.0;29.0;24.0;9;0;;;;;5726172
Hendin Golsen;Nevpel FC;Primera División Argentina;23;POR;2560;46;0;0;;;;;62.0;78.8;145.0;92.0;43.0;34.0;9.0;64.0;58.8;55.1;37.0;27.0;319.0;64.0;31.0;13.0;8;1;96.0;54.0;18.0;29.0;4030755
Torce Farpel;Nevpel FC;Primera División Argentina;30;POR;988;12;0;0;;;;;17.0;81.2;52.0;53.0;21.0;1.0;15.0;6.0;41.4;62.1;15.0;37.0;130.0;6.0;3.0;17.0;9;0;32.0;17.0;4.0;12.0;2910022
Nevpel Ivanen;Nevpel FC;Primera División Argentina;19;MC;2473;38;0;0;2.99;1.14;36.0;14.0;34.0;74.3;54.0;128.0;19.0;16.0;23.0;74.0;33.7;43.2;47.0;64.0;202.0;31.0;7.0;41.0;0;0;;;;;4969885
Golgio Nevic;Nevpel FC;Primera División Argentina;19;Extremo izquierdo;2925;44;7;5;7.76;3.62;77.0;20.0;31.0;84.1;112.0;63.0;64.0;48.0;184.0;82.0;60.3;58.3;16.0;70.0;164.0;88.0;32.0;24.0;3;0;;;;;2722062
Quifal Torpel;Nevpel FC;Primera División Argentina;32;Pivote;2482;38;1;2;3.18;4.99;43.0;13.0;25.0;78.2;60.0;31.0;31.0;13.0;29.0;75.0;49.0;53.5;12.0;62.0;148.0;31.0;20.0;32.0;2;0;;;;;1534707
Quipel Elios;Nevpel FC;Primera División Argentina;23;Mediapunta;1364;18;0;0;0.84;0.47;22.0;11.0;9.0;89.0;22.0;13.0;17.0;14.0;26.0;25.0;64.9;57.5;18.0;32.0;72.0;23.0;7.0;33.0;6;0;;;;;986128
Ardin Jordin;Nevpel FC;Primera División Argentina;22;Lateral derecho;1265;16;0;0;1.26;3.05;5.0;1.0;15.0;92.1;82.0;22.0;23.0;12.0;21.0;6.0;65.6;56.4;19.0;9.0;83.0;42.0;14.0;21.0;3;0;;;;;806271
Golmir Ostgio;Nevpel FC;Primera División Argentina;19;DC;1096;15;1;0;0.35;0.6;16.0;4.0;18.0;75.4;81.0;55.0;15.0;10.0;29.0;8.0;65.2;45.6;13.0;22.0;142.0;28.0;11.0;24.0;0;0;;;;;14769671
Kalrin Elimir;Nevpel FC;Primera División Argentina;29;MC;823;14;0;0;1.34;1.92;3.0;1.0;10.0;78.4;33.0;25.0;27.0;6.0;20.0;31.0;40.0;55.7;14.0;17.0;63.0;26.0;11.0;14.0;1;0;;;;;6507577
Pravic Jorez;Nevpel FC;Primera División Argentina;19;Delantero centro;1683;18;3;1;3.39;1.67;76.0;21.0;28.0;64.0;85.0;65.0;15.0;28.0;112.0;42.0;58.4;51.0;10.0;48.0;125.0;48.0;22.0;31.0;3;0;;;;;3869780
Praju Arba;Nevpel FC;Primera División Argentina;20;Pivote;2336;27;1;0;4.46;5.18;30.0;12.0;54.0;86.6;123.0;43.0;14.0;34.0;53.0;55.0;50.0;52.2;40.0;22.0;279.0;89.0;18.0;11.0;2;0;;;;;5845164
Golfal Corpel;Nevpel FC;Primera División Argentina;19;Extremo izquierdo;1514;26;8;6;6.62;6.92;22.0;5.0;44.0;79.0;182.0;64.0;10.0;6.0;37.0;29.0;43.1;49.3;43.0;16.0;135.0;61.0;12.0;28.0;8;0;;;;;35525260
Corce Morkov;Nevpel FC;Primera División Argentina;23;Pivote;2451;37;0;1;2.65;5.56;12.0;5.0;37.0;88.9;101.0;66.0;13.0;33.0;114.0;56.0;62.8;44.9;39.0;43.0;181.0;68.0;19.0;48.0;4;0;;;;;5117386
Lundin Jorsen;Nevpel FC;Primera División Argentina;25;MC;1049;17;0;0;1.85;0.26;4.0;0.0;16.0;77.1;99.0;32.0;14.0;7.0;5.0;7.0;67.0;60.8;15.0;11.0;89.0;33.0;4.0;8.0;1;0;;;;;4090567
Prapel Ostce;Nevpel FC;Primera División Argentina;22;Extremo izquierdo;2195;28;13;9;13.66;6.95;47.0;23.0;51.0;90.1;223.0;148.0;48.0;23.0;61.0;68.0;67.3;59.9;46.0;45.0;330.0;19.0;23.0;46.0;7;0;;;;;18535544
Rosgio Arzar;Nevpel FC;Primera División Argentina;30;Delantero centro;1469;18;9;3;10.41;4.03;19.0;10.0;11.0;76.5;167.0;116.0;50.0;11.0;55.0;15.0;66.3;62.9;24.0;45.0;77.0;61.0;2.0;32.0;3;0;;;;;14982274
Ivaez Kalpel;Nevpel FC;Primera División Argentina;26;Delantero centro;2568;46;6;2;5.37;4.31;111.0;36.0;47.0;90.5;181.0;44.0;29.0;5.0;45.0;95.0;57.9;62.9;59.0;39.0;210.0;19.0;30.0;23.0;3;0;;;;;779795
Henpel Farmir;Nevpel FC;Primera División Argentina;21;Extremo izquierdo;2118;33;3;2;3.23;2.63;100.0;43.0;24.0;79.3;113.0;77.0;50.0;13.0;54.0;80.0;66.1;65.5;23.0;29.0;208.0;24.0;19.0;27.0;0;0;;;;;10177815
Ostdin Morgio;Nevpel FC;Primera División Argentina;21;Lateral derecho;2582;31;0;3;4.23;5.05;7.0;3.0;20.0;76.6;118.0;56.0;28.0;21.0;97.0;99.0;55.5;50.9;17.0;32.0;233.0;32.0;12.0;30.0;6;0;;;;;10227794
Golrin Henrin;Nevpel FC;Primera División Argentina;23;Pivote;1772;29;0;0;0.98;3.03;26.0;11.0;14.0;71.2;144.0;35.0;28.0;3.0;102.0;15.0;48.1;44.4;44.0;32.0;71.0;27.0;10.0;24.0;2;0;;;;;6145726
Nevmir Henkov;Nevpel FC;Primera División Argentina;32;Mediapunta;920;10;1;0;1.01;0.93;28.0;12.0;16.0;67.3;44.0;40.0;23.0;2.0;50.0;26.0;67.9;55.4;6.0;25.0;81.0;3.0;10.0;9.0;6;0;;;;;757820
Tordin Torrin;Nevpel FC;Primera División Argentina;21;Lateral derecho;1574;20;1;0;3.05;2.05;29.0;7.0;11.0;89.4;94.0;47.0;40.0;18.0;17.0;43.0;45.6;52.0;40.0;35.0;131.0;29.0;19.0;35.0;2;0;;;;;2430302
Praju Jorkov;Lunsen FC;Primera División Argentina;19;POR;1525;23;0;0;;;;;11.0;84.7;21.0;69.0;27.0;23.0;61.0;6.0;48.5;49.7;10.0;24.0;105.0;30.0;11.0;37.0;8;0;80.0;31.0;7.0;18.0;1561015
Danfal Silkov;Lunsen FC;Primera División Argentina;27;POR;2347;31;0;0;;;;;52.0;84.7;137.0;157.0;12.0;27.0;57.0;32.0;37.5;44.9;28.0;96.0;277.0;27.0;24.0;26.0;0;0;50.0;39.0;14.0;14.0;18385516
Ostju Danpel;Lunsen FC;Primera División Argentina;32;MC;2211;25;3;3;1.91;4.96;18.0;4.0;23.0;71.5;84.0;164.0;64.0;19.0;14.0;23.0;52.9;60.0;50.0;43.0;290.0;18.0;12.0;20.0;2;0;;;;;13186909
Morkov Nevmir;Lunsen FC;Primera División Argentina;22;Mediapunta;3025;51;7;5;6.64;3.11;67.0;26.0;39.0;73.8;188.0;70.0;81.0;12.0;118.0;62.0;30.9;63.2;85.0;42.0;347.0;63.0;14.0;56.0;2;0;;;;;13938924
Tormir Ivasen;Lunsen FC;Primera División Argentina;24;DC;1701;24;1;0;2.97;3.97;28.0;7.0;12.0;77.1;148.0;56.0;43.0;7.0;30.0;49.0;67.3;45.1;11.0;40.0;167.0;44.0;4.0;39.0;5;0;;;;;4741264
Elirin Henmir;Lunsen FC;Primera División Argentina;23;DC;1974;23;0;0;3.77;1.14;9.0;2.0;29.0;77.5;85.0;36.0;20.0;18.0;100.0;18.0;59.9;50.5;35.0;38.0;149.0;39.0;19.0;40.0;5;0;;;;;230944
Quios Quipel;Lunsen FC;Primera División Argentina;21;MC;2346;34;1;0;4.37;1.1;23.0;7.0;8.0;68.0;91.0;38.0;29.0;35.0;14.0;80.0;50.0;51.5;48.0;26.0;183.0;42.0;19.0;35.0;5;0;;;;;2749141
Beldin Morrin;Lunsen FC;Primera División Argentina;27;Delantero centro;1220;14;4;2;5.17;2.2;48.0;19.0;11.0;76.0;96.0;74.0;42.0;17.0;67.0;52.0;50.1;65.5;31.0;49.0;86.0;43.0;7.0;9.0;6;0;;;;;14785108
Rosvic Kalic;Lunsen FC;Primera División Argentina;20;DC;2620;43;0;1;0.43;2.38;26.0;9.0;16.0;65.9;170.0;109.0;67.0;42.0;174.0;44.0;50.6;52.3;37.0;59.0;321.0;53.0;12.0;48.0;5;0;;;;;4534779
Ivarin Rosnen;Lunsen FC;Primera División Argentina;24;Lateral derecho;2901;51;0;1;4.68;1.83;54.0;18.0;28.0;74.6;315.0;138.0;12.0;17.0;155.0;26.0;56.3;68.9;109.0;51.0;256.0;95.0;14.0;68.0;0;0;;;;;7151448
Kaldin Arfal;Lunsen FC;Primera División Argentina;26;MC;1367;16;0;0;0.59;2.65;13.0;3.0;6.0;66.5;47.0;24.0;24.0;19.0;80.0;18.0;34.6;46.1;26.0;12.0;97.0;43.0;11.0;33.0;0;0;;;;;170942
Farrin Mornen;Lunsen FC;Primera División Argentina;21;Mediapunta;982;11;3;1;2.72;1.42;28.0;9.0;7.0;79.9;38.0;9.0;39.0;3.0;52.0;35.0;56.9;62.8;13.0;8.0;56.0;17.0;11.0;19.0;4;1;;;;;17383323
Ivanen Dangio;Lunsen FC;Primera División Argentina;17;Extremo izquierdo;1393;23;3;1;3.89;2.97;18.0;8.0;22.0;82.3;76.0;10.0;16.0;20.0;62.0;13.0;66.8;45.7;28.0;10.0;128.0;26.0;12.0;22.0;7;0;;;;;2299055
Elilan Jorlan;Lunsen FC;Primera División Argentina;19;Pivote;2705;34;4;2;1.77;3.35;44.0;9.0;73.0;78.6;147.0;190.0;107.0;21.0;118.0;114.0;48.1;47.6;45.0;57.0;405.0;71.0;17.0;37.0;6;0;;;;;25862530
Moric Goltov;Lunsen FC;Primera División Argentina;24;Delantero centro;1726;23;2;1;2.44;1.79;22.0;6.0;27.0;85.6;91.0;87.0;35.0;23.0;80.0;74.0;68.2;51.6;29.0;51.0;176.0;5.0;18.0;10.0;2;0;;;;;1287989
Quidin Kalgio;Lunsen FC;Primera División Argentina;20;Mediapunta;2009;35;5;2;4.81;1.77;83.0;41.0;36.0;86.1;57.0;33.0;22.0;2.0;125.0;75.0;44.1;53.1;15.0;17.0;120.0;81.0;13.0;46.0;6;0;;;;;5253691
Nevfal Pranen;Lunsen FC;Primera División Argentina;25;MC;753;10;0;0;1.36;1.29;1.0;0.0;9.0;82.2;16.0;43.0;13.0;1.0;12.0;11.0;59.4;48.1;23.0;24.0;58.0;21.0;8.0;7.0;4;0;;;;;4027306
Torkov Joric;Lunsen FC;Primera División Argentina;20;Pivote;1213;16;0;1;2.25;0.75;16.0;7.0;29.0;78.6;112.0;63.0;22.0;2.0;8.0;27.0;34.6;49.5;18.0;14.0;65.0;48.0;7.0;10.0;7;0;;;;;4964651
Henba Rosmir;Lunsen FC;Primera División Argentina;25;Mediapunta;1882;32;2;2;3.3;1.61;66.0;21.0;5.0;77.6;66.0;85.0;24.0;29.0;102.0;64.0;63.1;51.1;35.0;16.0;93.0;8.0;17.0;14.0;2;0;;;;;2265468
Coros Farlan;Lunsen FC;Primera División Argentina;29;MC;1481;26;0;1;0.33;0.44;6.0;2.0;15.0;89.7;77.0;56.0;60.0;12.0;38.0;34.0;51.2;53.8;43.0;50.0;119.0;28.0;19.0;19.0;4;0;;;;;8269141
Kalos Golfal;Lunsen FC;Primera División Argentina;17;Pivote;2266;34;0;1;3.55;1.75;9.0;2.0;19.0;91.2;144.0;43.0;7.0;7.0;10.0;93.0;41.9;62.6;34.0;40.0;199.0;14.0;11.0;53.0;2;0;;;;;1963554
Faric Kalba;Lunsen FC;Primera División Argentina;21;Mediapunta;1790;22;4;4;4.87;3.04;77.0;36.0;32.0;80.1;125.0;80.0;9.0;3.0;103.0;33.0;55.2;58.6;36.0;48.0;126.0;30.0;16.0;26.0;5;1;;;;;4839210
Nevez Golos;Lunvic FC;Primera División Argentina;28;POR;1045;17;0;0;;;;;11.0;80.3;69.0;20.0;5.0;9.0;67.0;13.0;34.7;47.7;16.0;10.0;38.0;39.0;11.0;6.0;1;0;41.0;20.0;4.0;9.0;201001
Dandin Corce;Lunvic FC;Primera División Argentina;23;POR;1555;17;0;0;;;;;43.0;71.8;121.0;21.0;39.0;2.0;93.0;10.0;43.8;64.5;25.0;38.0;172.0;18.0;10.0;27.0;9;0;72.0;27.0;1.0;25.0;20463794
Torlan Prafal;Lunvic FC;Primera División Argentina;23;Pivote;1814;31;0;0;0.8;0.69;30.0;13.0;14.0;73.6;122.0;76.0;29.0;11.0;61.0;15.0;58.0;61.9;37.0;19.0;135.0;27.0;18.0;18.0;4;0;;;;;1618057
Praju Quiez;Lunvic FC;Primera División Argentina;24;Extremo izquierdo;1406;17;5;3;5.15;2.99;22.0;10.0;38.0;81.0;149.0;33.0;6.0;15.0;80.0;38.0;63.5;46.4;22.0;33.0;79.0;26.0;12.0;18.0;6;0;;;;;7103765
Joros Farba;Lunvic FC;Primera División Argentina;19;Mediapunta;1884;25;9;5;8.07;6.3;38.0;18.0;18.0;85.3;147.0;72.0;19.0;27.0;25.0;36.0;39.1;66.4;48.0;40.0;127.0;75.0;14.0;43.0;4;0;;;;;17926393
Golzar Torvic;Lunvic FC;Primera División Argentina;23;MC;1724;27;0;1;0.21;3.76;32.0;8.0;15.0;74.6;74.0;22.0;7.0;9.0;42.0;15.0;43.7;56.8;43.0;15.0;116.0;44.0;16.0;40.0;6;0;;;;;9600793
Praez Rosez;Lunvic FC;Primera División Argentina;28;Extremo izquierdo;1033;16;3;2;3.8;1.64;36.0;18.0;6.0;88.8;20.0;33.0;4.0;14.0;22.0;30.0;39.7;48.0;13.0;16.0;48.0;23.0;3.0;7.0;3;0;;;;;2545491
Torhus Danez;Lunvic FC;Primera División Argentina;23;MC;1649;18;1;2;2.33;4.09;27.0;6.0;25.0;94.1;45.0;31.0;19.0;24.0;65.0;13.0;51.8;51.3;32.0;51.0;85.0;33.0;12.0;33.0;3;0;;;;;6391697
Lunos Prahus;Lunvic FC;Primera División Argentina;28;Lateral derecho;1018;15;0;0;0.55;0.7;18.0;4.0;19.0;91.9;23.0;18.0;21.0;14.0;15.0;4.0;45.7;43.2;14.0;26.0;89.0;43.0;9.0;7.0;7;0;;;;;1362161
Nevnen Torce;Lunvic FC;Primera División Argentina;29;Lateral derecho;1328;18;1;0;1.11;2.25;3.0;0.0;29.0;75.8;103.0;49.0;40.0;20.0;79.0;15.0;53.7;55.6;31.0;20.0;114.0;43.0;6.0;29.0;6;0;;;;;4989150
Silos Praez;Lunvic FC;Primera División Argentina;20;Lateral derecho;2424;29;1;2;4.85;5.53;31.0;13.0;28.0;68.0;198.0;51.0;72.0;37.0;76.0;37.0;41.3;61.0;66.0;71.0;261.0;18.0;28.0;19.0;5;0;;;;;8733050
Golce Ostlan;Lunvic FC;Primera División Argentina;28;Mediapunta;975;11;1;1;1.72;0.69;40.0;11.0;13.0;90.4;62.0;44.0;5.0;9.0;46.0;19.0;53.7;46.6;13.0;27.0;96.0;11.0;6.0;24.0;9;0;;;;;1511570
Rossen Belhus;Lunvic FC;Primera División Argentina;25;Lateral derecho;2186;32;2;2;1.55;5.21;33.0;8.0;26.0;67.4;229.0;140.0;68.0;14.0;111.0;27.0;67.4;50.7;42.0;29.0;251.0;22.0;20.0;19.0;3;0;;;;;5806557
Corkov Lunsen;Lunvic FC;Primera División Argentina;26;Mediapunta;746;9;1;0;1.45;1.24;25.0;10.0;7.0;74.9;25.0;22.0;11.0;10.0;46.0;21.0;33.7;62.9;5.0;19.0;75.0;29.0;3.0;14.0;2;0;;;;;1041439
Ostzar Henhus;Lunvic FC;Primera División Argentina;26;Delantero centro;3028;44;14;8;15.48;8.35;96.0;32.0;71.0;95.7;354.0;38.0;56.0;46.0;176.0;60.0;35.2;62.7;108.0;125.0;175.0;121.0;6.0;38.0;1;0;;;;;12006614
Lunkov Jorhus;Lunvic FC;Primera División Argentina;24;MC;1816;29;0;3;1.85;3.64;32.0;10.0;52.0;83.3;125.0;62.0;9.0;13.0;90.0;8.0;62.7;55.7;32.0;55.0;160.0;26.0;5.0;18.0;2;0;;;;;7196866
Golba Nevce;Lunvic FC;Primera División Argentina;23;Delantero centro;1804;25;1;1;1.54;1.05;70.0;23.0;11.0;87.6;97.0;68.0;20.0;17.0;20.0;42.0;64.2;57.6;21.0;22.0;151.0;76.0;10.0;31.0;7;0;;;;;562142
Pradin Elizar;Lunvic FC;Primera División Argentina;24;Mediapunta;389;4;2;0;2.47;1.03;16.0;5.0;4.0;71.8;18.0;11.0;9.0;3.0;23.0;7.0;36.2;59.6;3.0;8.0;29.0;14.0;2.0;6.0;0;0;;;;;12012418
Joric Elitov;Lunvic FC;Primera División Argentina;23;Extremo izquierdo;3055;39;6;2;7.93;2.28;124.0;31.0;62.0;91.1;168.0;73.0;12.0;11.0;48.0;47.0;36.1;45.0;54.0;64.0;170.0;59.0;21.0;47.0;6;0;;;;;3433897
Arfal Cormir;Lunvic FC;Primera División Argentina;21;Extremo izquierdo;785;9;3;1;3.96;2.43;37.0;17.0;18.0;70.6;43.0;57.0;29.0;7.0;11.0;20.0;63.7;64.2;17.0;25.0;110.0;7.0;8.0;9.0;4;0;;;;;24738221
Nevhus Golhus;Lunvic FC;Primera División Argentina;24;DC;1562;18;0;0;0.98;3.82;14.0;4.0;38.0;90.9;30.0;60.0;53.0;12.0;8.0;23.0;69.2;65.2;15.0;28.0;115.0;17.0;10.0;17.0;1;2;;;;;3627907
Henpel Kalkov;Lunvic FC;Primera División Argentina;35;DC;638;11;0;0;1.2;1.34;5.0;1.0;8.0;95.8;18.0;38.0;11.0;2.0;39.0;18.0;33.5;67.3;9.0;12.0;80.0;5.0;2.0;15.0;6;0;;;;;6727025
Roshus Prarin;Danos FC;Primera División Argentina;20;POR;1700;24;0;0;;;;;28.0;69.5;34.0;83.0;20.0;21.0;72.0;48.0;45.2;62.1;38.0;52.0;163.0;74.0;12.0;36.0;8;0;50.0;38.0;9.0;18.0;4669477
Kaltov Cortov;Danos FC;Primera División Argentina;29;POR;1884;33;0;0;;;;;27.0;68.8;54.0;58.0;63.0;15.0;46.0;77.0;42.6;45.0;41.0;49.0;184.0;52.0;14.0;36.0;4;0;80.0;41.0;15.0;21.0;7796878
Tormir Rosvic;Danos FC;Primera División Argentina;28;DC;1275;18;0;0;2.19;2.17;14.0;3.0;15.0;68.9;76.0;52.0;22.0;13.0;70.0;4.0;58.2;47.0;32.0;16.0;58.0;19.0;14.0;22.0;6;0;;;;;2415506
Rosba Kalce;Danos FC;Primera División Argentina;25;Lateral derecho;2017;29;0;4;1.77;3.7;24.0;6.0;23.0;77.0;184.0;85.0;29.0;17.0;38.0;59.0;48.7;65.8;33.0;24.0;144.0;46.0;12.0;36.0;7;0;;;;;11769860
Corsen Lunju;Danos FC;Primera División Argentina;17;MC;2706;40;0;0;0.4;2.26;20.0;4.0;39.0;81.3;243.0;24.0;81.0;19.0;110.0;21.0;31.7;52.9;55.0;53.0;255.0;53.0;4.0;22.0;6;0;;;;;4381210
Rosce Morfal;Danos FC;Primera División Argentina;24;Lateral derecho;3037;40;1;1;1.34;4.52;40.0;17.0;11.0;85.2;129.0;99.0;41.0;10.0;62.0;99.0;44.2;42.7;61.0;52.0;285.0;38.0;40.0;29.0;0;0;;;;;966826
Ivatov Tordin;Danos FC;Primera División Argentina;19;Mediapunta;1624;20;2;1;3.18;1.46;29.0;11.0;33.0;77.9;73.0;89.0;45.0;27.0;63.0;72.0;46.5;50.8;16.0;14.0;99.0;55.0;9.0;39.0;5;0;;;;;7801108
Lunba Nevce;Danos FC;Primera División Argentina;24;Mediapunta;1274;19;3;3;3.55;1.2;19.0;5.0;6.0;87.2;49.0;19.0;11.0;9.0;45.0;6.0;37.3;55.8;11.0;11.0;56.0;43.0;12.0;10.0;0;0;;;;;1546228
Ivaic Arlan;Danos FC;Primera División Argentina;27;Delantero centro;2809;42;3;2;3.59;1.03;68.0;23.0;26.0;86.7;99.0;46.0;37.0;27.0;149.0;66.0;55.5;41.3;58.0;66.0;214.0;109.0;35.0;15.0;6;0;;;;;558263
Lunnen Mordin;Danos FC;Primera División Argentina;25;Delantero centro;1871;30;9;8;9.64;6.93;76.0;22.0;32.0;94.6;106.0;84.0;46.0;10.0;74.0;50.0;37.0;59.7;15.0;57.0;133.0;13.0;13.0;43.0;2;0;;;;;3326020
Jorfal Torba;Danos FC;Primera División Argentina;17;MC;2592;35;0;3;3.49;5.11;9.0;4.0;26.0;91.1;115.0;151.0;58.0;3.0;94.0;29.0;53.6;48.9;51.0;35.0;125.0;69.0;17.0;34.0;2;0;;;;;10639887
Ostvic Golju;Danos FC;Primera División Argentina;22;MC;2634;45;2;0;0.6;2.44;14.0;5.0;47.0;67.2;147.0;142.0;59.0;23.0;68.0;12.0;51.9;57.5;56.0;69.0;128.0;74.0;27.0;20.0;2;0;;;;;11921958
Golzar Cortov;Danos FC;Primera División Argentina;20;Mediapunta;2360;30;10;8;12.06;7.41;111.0;44.0;65.0;93.9;156.0;164.0;97.0;26.0;80.0;71.0;58.3;47.5;57.0;79.0;243.0;8.0;14.0;44.0;8;0;;;;;24493741
Corfal Ivazar;Danos FC;Primera División Argentina;27;Mediapunta;1621;27;2;1;2.14;1.88;32.0;10.0;32.0;85.1;78.0;63.0;44.0;9.0;27.0;52.0;47.1;45.0;13.0;43.0;106.0;51.0;20.0;15.0;9;0;;;;;2741903
Quisen Kalez;Danos FC;Primera División Argentina;24;Mediapunta;2394;40;4;1;4.14;1.28;92.0;31.0;10.0;71.9;130.0;20.0;8.0;19.0;91.0;33.0;35.0;53.4;12.0;47.0;80.0;8.0;14.0;15.0;6;1;;;;;433207
Ivavic Jorzar;Danos FC;Primera División Argentina;33;Extremo izquierdo;1585;18;2;1;3.18;2.09;58.0;21.0;29.0;69.4;45.0;51.0;34.0;19.0;8.0;24.0;54.2;62.6;26.0;46.0;166.0;49.0;15.0;20.0;6;0;;;;;2572589
Kalce Rosgio;Danos FC;Primera División Argentina;33;MC;2343;41;0;0;0.96;3.06;24.0;8.0;15.0;82.3;56.0;131.0;13.0;37.0;11.0;93.0;51.0;61.3;36.0;42.0;193.0;26.0;17.0;47.0;3;0;;;;;2719710
Kalkov Belmir;Danos FC;Primera División Argentina;20;MC;2277;34;3;3;4.27;4.5;26.0;6.0;37.0;88.2;158.0;62.0;69.0;14.0;36.0;15.0;46.6;54.4;51.0;83.0;173.0;73.0;5.0;13.0;2;0;;;;;30894709
Pratov Dance;Danos FC;Primera División Argentina;23;Mediapunta;2101;28;5;3;5.28;4.47;75.0;21.0;12.0;81.6;151.0;134.0;87.0;32.0;10.0;56.0;55.6;58.1;36.0;22.0;146.0;74.0;7.0;26.0;9;0;;;;;20414444
Torlan Lunvic;Danos FC;Primera División Argentina;22;MC;1490;18;1;0;1.39;3.53;26.0;7.0;24.0;94.2;160.0;22.0;22.0;20.0;97.0;28.0;68.6;59.1;20.0;21.0;93.0;45.0;10.0;22.0;2;0;;;;;12849262
Belpel Jorgio;Danos FC;Primera División Argentina;24;Pivote;1884;24;1;1;3.14;4.0;10.0;2.0;39.0;64.2;45.0;36.0;11.0;11.0;79.0;30.0;43.4;43.8;43.0;22.0;201.0;7.0;3.0;27.0;2;0;;;;;1933993
Fargio Ostvic;Danos FC;Primera División Argentina;18;Delantero centro;2093;36;9;6;9.59;5.15;53.0;22.0;44.0;69.1;211.0;148.0;69.0;25.0;128.0;75.0;39.0;60.1;72.0;67.0;152.0;85.0;7.0;14.0;8;0;;;;;11270365
Nevhus Ivazar;Henrin FC;Primera División Argentina;23;POR;1109;15;0;0;;;;;25.0;92.7;54.0;56.0;3.0;6.0;8.0;20.0;32.5;48.8;36.0;31.0;108.0;23.0;5.0;6.0;6;0;50.0;19.0;2.0;9.0;26714115
Danzar Ostez;Henrin FC;Primera División Argentina;25;POR;2335;26;0;0;;;;;43.0;76.3;179.0;83.0;108.0;37.0;138.0;79.0;36.0;69.1;36.0;30.0;307.0;100.0;18.0;52.0;9;0;69.0;17.0;3.0;10.0;11531491
Belmir Belsen;Henrin FC;Primera División Argentina;20;Lateral derecho;2424;35;1;0;0.33;0.69;30.0;7.0;28.0;76.5;255.0;48.0;50.0;11.0;51.0;80.0;62.9;44.9;25.0;39.0;198.0;94.0;16.0;52.0;0;0;;;;;14648942
Prapel Hendin;Henrin FC;Primera División Argentina;20;Delantero centro;1809;20;1;1;1.34;0.66;25.0;8.0;15.0;89.0;38.0;28.0;33.0;1.0;98.0;71.0;61.2;54.5;19.0;36.0;54.0;35.0;19.0;11.0;1;0;;;;;976968
Arez Ostba;Henrin FC;Primera División Argentina;24;Delantero centro;1455;20;2;1;2.26;1.03;45.0;14.0;7.0;64.5;92.0;40.0;24.0;8.0;94.0;35.0;68.3;44.3;13.0;25.0;111.0;13.0;5.0;22.0;0;0;;;;;875558
Morfal Torlan;Henrin FC;Primera División Argentina;27;Pivote;2104;26;0;0;0.88;5.52;24.0;6.0;45.0;81.8;61.0;61.0;8.0;21.0;22.0;82.0;67.4;58.3;33.0;67.0;307.0;27.0;8.0;23.0;5;0;;;;;15314634
Henba Ardin;Henrin FC;Primera División Argentina;22;Mediapunta;1690;20;4;3;4.23;1.85;79.0;31.0;25.0;71.9;110.0;23.0;16.0;7.0;17.0;7.0;62.8;48.1;48.0;44.0;149.0;73.0;11.0;8.0;6;0;;;;;15267626
Quiic Nevos;Henrin FC;Primera División Argentina;27;Extremo izquierdo;1182;17;3;2;3.57;2.75;56.0;17.0;26.0;74.3;23.0;7.0;25.0;8.0;68.0;27.0;45.0;45.3;6.0;11.0;88.0;45.0;6.0;6.0;6;0;;;;;1250602
Henzar Elidin;Henrin FC;Primera División Argentina;21;Lateral derecho;2219;26;1;1;1.18;5.19;23.0;5.0;55.0;71.3;220.0;45.0;55.0;29.0;26.0;85.0;63.2;47.9;62.0;56.0;217.0;25.0;11.0;33.0;2;0;;;;;3671628
Henvic Ivaic;Henrin FC;Primera División Argentina;25;Extremo izquierdo;561;6;4;1;3.92;3.3;19.0;5.0;18.0;68.2;73.0;44.0;22.0;9.0;2.0;14.0;41.5;63.0;11.0;14.0;83.0;8.0;5.0;11.0;0;0;;;;;5097687
Ivapel Silfal;Henrin FC;Primera División Argentina;33;Mediapunta;1952;22;6;4;7.79;3.31;45.0;20.0;41.0;75.2;201.0;63.0;36.0;24.0;102.0;55.0;40.2;44.1;53.0;33.0;117.0;17.0;7.0;39.0;1;0;;;;;6839834
Nevsen Pradin;Henrin FC;Primera División Argentina;27;Pivote;2336;26;2;0;3.91;5.34;25.0;11.0;62.0;73.6;212.0;78.0;71.0;20.0;118.0;104.0;63.7;65.8;55.0;67.0;185.0;33.0;5.0;24.0;6;0;;;;;6264747
Kalce Quigio;Henrin FC;Primera División Argentina;25;Extremo izquierdo;2921;52;11;10;10.22;5.77;66.0;18.0;42.0;73.4;146.0;22.0;4.0;5.0;15.0;53.0;62.9;56.6;42.0;80.0;234.0;22.0;36.0;56.0;0;0;;;;;6354396
Lunvic Corkov;Henrin FC;Primera División Argentina;25;Extremo izquierdo;1896;26;7;3;7.42;6.13;24.0;8.0;8.0;76.5;229.0;76.0;32.0;9.0;97.0;80.0;38.8;57.9;64.0;53.0;153.0;41.0;18.0;24.0;0;0;;;;;9168981
Belju Lunkov;Henrin FC;Primera División Argentina;21;Pivote;1729;24;2;1;1.6;2.48;9.0;3.0;36.0;88.3;51.0;55.0;59.0;21.0;9.0;56.0;52.9;57.6;16.0;67.0;135.0;44.0;14.0;24.0;8;0;;;;;22670789
Artov Ivavic;Henrin FC;Primera División Argentina;28;Lateral derecho;1092;17;0;1;0.51;0.59;5.0;2.0;19.0;83.8;84.0;58.0;31.0;4.0;71.0;8.0;59.7;65.7;15.0;34.0;84.0;17.0;10.0;22.0;1;0;;;;;7447189
Pragio Belgio;Henrin FC;Primera División Argentina;25;Mediapunta;2249;28;8;4;7.63;3.45;95.0;33.0;16.0;91.0;153.0;125.0;40.0;36.0;80.0;24.0;67.8;63.8;13.0;66.0;197.0;67.0;26.0;11.0;9;0;;;;;3369695
Ostrin Rosfal;Henrin FC;Primera División Argentina;27;Lateral derecho;1449;17;0;0;1.52;0.53;6.0;1.0;35.0;94.3;96.0;22.0;7.0;10.0;48.0;60.0;41.4;51.9;35.0;14.0;78.0;37.0;5.0;23.0;2;0;;;;;2779660
Nevba Danic;Henrin FC;Primera División Argentina;27;Extremo izquierdo;1854;30;1;0;1.98;1.18;78.0;25.0;10.0;75.2;129.0;57.0;12.0;18.0;95.0;68.0;46.8;62.4;24.0;18.0;86.0;61.0;9.0;22.0;1;0;;;;;1388626
Jorrin Rosmir;Henrin FC;Primera División Argentina;19;Mediapunta;1663;20;9;4;10.95;3.58;56.0;20.0;29.0;85.0;45.0;46.0;8.0;22.0;22.0;22.0;66.0;65.2;45.0;40.0;195.0;22.0;12.0;16.0;0;0;;;;;12379643
Nevzar Jordin;Henrin FC;Primera División Argentina;19;Lateral derecho;1678;24;0;1;3.02;4.51;29.0;8.0;42.0;86.0;55.0;32.0;68.0;24.0;47.0;20.0;41.1;49.4;59.0;34.0;205.0;44.0;13.0;16.0;2;0;;;;;18829893
Ivatov Corez;Henrin FC;Primera División Argentina;23;Pivote;1753;20;0;0;2.08;4.63;15.0;7.0;14.0;70.3;84.0;24.0;32.0;5.0;53.0;75.0;35.5;61.6;29.0;26.0;139.0;14.0;19.0;19.0;5;1;;;;;255874
